{"level":"info","message":"Initializing MOVR Platform Backend...","service":"movr-backend","timestamp":"2026-07-30T00:51:21.674Z"}
{"level":"info","message":"\n╔═══════════════════════════════════════╗\n║   MOVR Platform Backend Running       ║\n╠═══════════════════════════════════════╣\n║ Port: 3000\n║ Environment: development\n║ API: http://localhost:3000\n║ Health: http://localhost:3000/health\n╚═══════════════════════════════════════╝\n      ","service":"movr-backend","timestamp":"2026-07-30T00:51:21.681Z"}
{"level":"info","message":"SIGTERM received, shutting down gracefully","service":"movr-backend","timestamp":"2026-07-30T00:51:35.478Z"}
{"level":"info","message":"Initializing MOVR Platform Backend...","service":"movr-backend","timestamp":"2026-07-30T10:27:18.907Z"}
{"level":"info","message":"\n╔═══════════════════════════════════════╗\n║   MOVR Platform Backend Running       ║\n╠═══════════════════════════════════════╣\n║ Port: 3000\n║ Environment: development\n║ API: http://localhost:3000\n║ Health: http://localhost:3000/health\n╚═══════════════════════════════════════╝\n      ","service":"movr-backend","timestamp":"2026-07-30T10:27:18.930Z"}
{"level":"info","message":"GET /health - 200 - 8ms","service":"movr-backend","timestamp":"2026-07-30T10:28:29.677Z"}
{"level":"info","message":"Initializing MOVR Platform Backend...","service":"movr-backend","timestamp":"2026-07-30T10:29:31.696Z"}
{"level":"info","message":"\n╔═══════════════════════════════════════╗\n║   MOVR Platform Backend Running       ║\n╠═══════════════════════════════════════╣\n║ Port: 3000\n║ Environment: development\n║ API: http://localhost:3000\n║ Health: http://localhost:3000/health\n╚═══════════════════════════════════════╝\n      ","service":"movr-backend","timestamp":"2026-07-30T10:29:31.719Z"}
{"level":"info","message":"GET /health - 200 - 10ms","service":"movr-backend","timestamp":"2026-07-30T10:29:37.415Z"}
{"level":"info","message":"GET /health - 200 - 395ms","service":"movr-backend","timestamp":"2026-07-30T10:40:27.847Z"}
{"level":"info","message":"GET /health - 200 - 107ms","service":"movr-backend","timestamp":"2026-08-05T07:08:36.344Z"}
{"level":"info","message":"GET /health - 200 - 25ms","service":"movr-backend","timestamp":"2026-08-05T07:24:15.236Z"}
{"level":"info","message":"GET /api/v1/public/staking/stats - 404 - 26ms","service":"movr-backend","timestamp":"2026-08-05T07:24:15.392Z"}
{"level":"info","message":"Initializing MOVR Platform Backend...","service":"movr-backend","timestamp":"2026-08-05T07:24:48.795Z"}
{"level":"info","message":"\n╔═══════════════════════════════════════╗\n║   MOVR Platform Backend Running       ║\n╠═══════════════════════════════════════╣\n║ Port: 3000\n║ Environment: development\n║ API: http://localhost:3000\n║ Health: http://localhost:3000/health\n╚═══════════════════════════════════════╝\n      ","service":"movr-backend","timestamp":"2026-08-05T07:24:48.802Z"}
{"level":"info","message":"GET /health - 200 - 7ms","service":"movr-backend","timestamp":"2026-08-05T07:25:01.034Z"}
{"level":"info","message":"GET /stats - 500 - 114ms","service":"movr-backend","timestamp":"2026-08-05T07:25:01.292Z"}
{"level":"info","message":"Initializing MOVR Platform Backend...","service":"movr-backend","timestamp":"2026-08-05T07:25:41.740Z"}
{"level":"info","message":"\n╔═══════════════════════════════════════╗\n║   MOVR Platform Backend Running       ║\n╠═══════════════════════════════════════╣\n║ Port: 3000\n║ Environment: development\n║ API: http://localhost:3000\n║ Health: http://localhost:3000/health\n╚═══════════════════════════════════════╝\n      ","service":"movr-backend","timestamp":"2026-08-05T07:25:41.746Z"}
{"level":"info","message":"GET /health - 200 - 7ms","service":"movr-backend","timestamp":"2026-08-05T07:25:51.358Z"}
{"level":"info","message":"GET /stats - 200 - 149ms","service":"movr-backend","timestamp":"2026-08-05T07:25:51.535Z"}
{"level":"info","message":"GET /health - 200 - 53ms","service":"movr-backend","timestamp":"2026-08-05T08:38:08.545Z"}
{"level":"info","message":"Initializing MOVR Platform Backend...","service":"movr-backend","timestamp":"2026-08-05T08:41:29.718Z"}
{"level":"info","message":"\n╔═══════════════════════════════════════╗\n║   MOVR Platform Backend Running       ║\n╠═══════════════════════════════════════╣\n║ Port: 3000\n║ Environment: development\n║ API: http://localhost:3000\n║ Health: http://localhost:3000/health\n╚═══════════════════════════════════════╝\n      ","service":"movr-backend","timestamp":"2026-08-05T08:41:29.722Z"}
{"level":"info","message":"POST /api/v1/auth/login - 200 - 16ms","service":"movr-backend","timestamp":"2026-08-05T08:41:37.344Z"}
{"level":"info","message":"GET /overview - 200 - 301ms","service":"movr-backend","timestamp":"2026-08-05T08:41:37.762Z"}
{"level":"info","message":"GET /overview - 304 - 168ms","service":"movr-backend","timestamp":"2026-08-05T08:41:37.957Z"}
{"level":"info","message":"GET /gmv - 200 - 51ms","service":"movr-backend","timestamp":"2026-08-05T08:41:53.213Z"}
{"level":"info","message":"GET /api/v1/admin/finance/summary - 404 - 2ms","service":"movr-backend","timestamp":"2026-08-05T08:41:54.371Z"}
{"level":"info","message":"GET /users - 200 - 11ms","service":"movr-backend","timestamp":"2026-08-05T08:41:54.388Z"}
{"level":"info","message":"GET /kyc-queue - 200 - 20ms","service":"movr-backend","timestamp":"2026-08-05T08:41:54.400Z"}
{"level":"info","message":"GET /users - 304 - 3ms","service":"movr-backend","timestamp":"2026-08-05T08:41:54.438Z"}
{"level":"info","message":"GET /kyc-queue - 304 - 5ms","service":"movr-backend","timestamp":"2026-08-05T08:41:54.877Z"}
{"level":"info","message":"GET /kyc-queue - 200 - 11ms","service":"movr-backend","timestamp":"2026-08-05T08:41:56.211Z"}
{"level":"info","message":"GET /kyc-queue - 304 - 27ms","service":"movr-backend","timestamp":"2026-08-05T08:41:56.246Z"}
{"level":"info","message":"GET /feature-flags - 200 - 9ms","service":"movr-backend","timestamp":"2026-08-05T08:41:59.380Z"}
{"level":"info","message":"GET /feature-flags - 304 - 5ms","service":"movr-backend","timestamp":"2026-08-05T08:41:59.390Z"}
{"level":"info","message":"GET / - 200 - 41ms","service":"movr-backend","timestamp":"2026-08-05T08:42:01.340Z"}
{"level":"info","message":"GET / - 304 - 2ms","service":"movr-backend","timestamp":"2026-08-05T08:42:01.346Z"}
{"level":"info","message":"GET / - 200 - 53ms","service":"movr-backend","timestamp":"2026-08-05T08:42:02.996Z"}
{"level":"info","message":"GET / - 304 - 3ms","service":"movr-backend","timestamp":"2026-08-05T08:42:03.006Z"}
{"level":"info","message":"GET / - 200 - 5ms","service":"movr-backend","timestamp":"2026-08-05T08:42:04.302Z"}
{"level":"info","message":"GET / - 304 - 2ms","service":"movr-backend","timestamp":"2026-08-05T08:42:04.310Z"}
{"level":"info","message":"GET /audit-log - 200 - 6ms","service":"movr-backend","timestamp":"2026-08-05T08:42:05.412Z"}
{"level":"info","message":"GET /audit-log - 304 - 2ms","service":"movr-backend","timestamp":"2026-08-05T08:42:05.422Z"}
{"level":"info","message":"GET /overview - 304 - 162ms","service":"movr-backend","timestamp":"2026-08-05T08:42:07.679Z"}
{"level":"info","message":"GET /overview - 304 - 45ms","service":"movr-backend","timestamp":"2026-08-05T08:42:07.728Z"}
{"level":"info","message":"GET /health - 200 - 1ms","service":"movr-backend","timestamp":"2026-08-05T08:42:36.020Z"}
{"level":"info","message":"GET /overview - 200 - 124ms","service":"movr-backend","timestamp":"2026-08-05T08:43:59.494Z"}
{"level":"info","message":"GET /overview - 200 - 120ms","service":"movr-backend","timestamp":"2026-08-05T08:43:59.496Z"}
{"level":"info","message":"GET /api/v1/admin/live/counts - 404 - 2ms","service":"movr-backend","timestamp":"2026-08-05T08:44:05.990Z"}
{"level":"info","message":"GET /api/v1/admin/live/counts - 404 - 2ms","service":"movr-backend","timestamp":"2026-08-05T08:44:06.002Z"}
{"level":"info","message":"GET /api/v1/admin/live/counts - 404 - 1ms","service":"movr-backend","timestamp":"2026-08-05T08:44:09.579Z"}
{"level":"info","message":"GET /api/v1/admin/live/counts - 404 - 1ms","service":"movr-backend","timestamp":"2026-08-05T08:44:11.355Z"}
{"level":"info","message":"GET /api/v1/admin/live/counts - 404 - 2ms","service":"movr-backend","timestamp":"2026-08-05T08:44:12.580Z"}
{"level":"info","message":"GET /zones - 200 - 83ms","service":"movr-backend","timestamp":"2026-08-05T08:44:14.166Z"}
{"level":"info","message":"GET /zones - 304 - 2ms","service":"movr-backend","timestamp":"2026-08-05T08:44:14.172Z"}
{"level":"info","message":"GET /factors - 200 - 79ms","service":"movr-backend","timestamp":"2026-08-05T08:44:14.178Z"}
{"level":"info","message":"GET /factors - 304 - 6ms","service":"movr-backend","timestamp":"2026-08-05T08:44:14.188Z"}
{"level":"info","message":"GET /breakdown - 200 - 104ms","service":"movr-backend","timestamp":"2026-08-05T08:44:14.216Z"}
{"level":"info","message":"GET /breakdown - 304 - 10ms","service":"movr-backend","timestamp":"2026-08-05T08:44:14.231Z"}
{"level":"info","message":"GET /api/v1/admin/finance/summary - 404 - 2ms","service":"movr-backend","timestamp":"2026-08-05T08:44:19.527Z"}
{"level":"info","message":"GET /gmv - 304 - 6ms","service":"movr-backend","timestamp":"2026-08-05T08:44:19.529Z"}
{"level":"info","message":"GET /api/v1/admin/finance/summary - 404 - 1ms","service":"movr-backend","timestamp":"2026-08-05T08:44:19.534Z"}
{"level":"info","message":"GET /gmv - 304 - 1ms","service":"movr-backend","timestamp":"2026-08-05T08:44:19.537Z"}
{"level":"info","message":"GET /users - 304 - 1ms","service":"movr-backend","timestamp":"2026-08-05T08:44:25.863Z"}
{"level":"info","message":"GET /users - 304 - 4ms","service":"movr-backend","timestamp":"2026-08-05T08:44:25.873Z"}
{"level":"info","message":"GET /kyc-queue - 304 - 4ms","service":"movr-backend","timestamp":"2026-08-05T08:44:29.331Z"}
{"level":"info","message":"GET /kyc-queue - 304 - 3ms","service":"movr-backend","timestamp":"2026-08-05T08:44:29.339Z"}
{"level":"info","message":"POST /api/v1/identity/link/ - 404 - 6ms","service":"movr-backend","timestamp":"2026-08-05T08:44:32.772Z"}
{"level":"info","message":"POST /api/v1/identity/attest - 404 - 1ms","service":"movr-backend","timestamp":"2026-08-05T08:44:32.776Z"}
{"level":"info","message":"POST /api/v1/kyc/attest - 404 - 2ms","service":"movr-backend","timestamp":"2026-08-05T08:44:32.790Z"}
{"level":"info","message":"POST /api/v1/identity/link/ - 404 - 0ms","service":"movr-backend","timestamp":"2026-08-05T08:44:34.111Z"}
{"level":"info","message":"POST /api/v1/identity/attest - 404 - 1ms","service":"movr-backend","timestamp":"2026-08-05T08:44:34.113Z"}
{"level":"info","message":"POST /api/v1/kyc/attest - 404 - 1ms","service":"movr-backend","timestamp":"2026-08-05T08:44:34.120Z"}
{"level":"info","message":"POST /api/v1/identity/link/ - 404 - 1ms","service":"movr-backend","timestamp":"2026-08-05T08:44:35.298Z"}
{"level":"info","message":"POST /api/v1/identity/attest - 404 - 1ms","service":"movr-backend","timestamp":"2026-08-05T08:44:35.307Z"}
{"level":"info","message":"POST /api/v1/kyc/attest - 404 - 1ms","service":"movr-backend","timestamp":"2026-08-05T08:44:35.320Z"}
{"level":"info","message":"GET /feature-flags - 304 - 5ms","service":"movr-backend","timestamp":"2026-08-05T08:44:36.836Z"}
{"level":"info","message":"GET /feature-flags - 304 - 2ms","service":"movr-backend","timestamp":"2026-08-05T08:44:36.841Z"}
{"level":"info","message":"GET / - 304 - 3ms","service":"movr-backend","timestamp":"2026-08-05T08:44:50.320Z"}
{"level":"info","message":"GET / - 304 - 3ms","service":"movr-backend","timestamp":"2026-08-05T08:44:50.326Z"}
{"level":"info","message":"GET /zones - 304 - 4ms","service":"movr-backend","timestamp":"2026-08-05T08:44:56.624Z"}
{"level":"info","message":"GET /factors - 304 - 5ms","service":"movr-backend","timestamp":"2026-08-05T08:44:56.632Z"}
{"level":"info","message":"GET /zones - 304 - 7ms","service":"movr-backend","timestamp":"2026-08-05T08:44:56.640Z"}
{"level":"info","message":"GET /factors - 304 - 3ms","service":"movr-backend","timestamp":"2026-08-05T08:44:56.644Z"}
{"level":"info","message":"GET /breakdown - 304 - 22ms","service":"movr-backend","timestamp":"2026-08-05T08:44:56.651Z"}
{"level":"info","message":"GET /breakdown - 304 - 6ms","service":"movr-backend","timestamp":"2026-08-05T08:44:56.662Z"}
{"level":"info","message":"PATCH /factors/93a34535-d6f0-49b5-b0ba-d15df4db138e - 200 - 12ms","service":"movr-backend","timestamp":"2026-08-05T08:45:01.961Z"}
{"level":"info","message":"GET /zones - 304 - 5ms","service":"movr-backend","timestamp":"2026-08-05T08:45:01.977Z"}
{"level":"info","message":"GET /factors - 200 - 6ms","service":"movr-backend","timestamp":"2026-08-05T08:45:01.979Z"}
{"level":"info","message":"GET /breakdown - 304 - 54ms","service":"movr-backend","timestamp":"2026-08-05T08:45:02.028Z"}
{"level":"info","message":"PATCH /factors/93a34535-d6f0-49b5-b0ba-d15df4db138e - 200 - 2ms","service":"movr-backend","timestamp":"2026-08-05T08:45:03.054Z"}
{"level":"info","message":"GET /zones - 304 - 2ms","service":"movr-backend","timestamp":"2026-08-05T08:45:03.063Z"}
{"level":"info","message":"GET /factors - 200 - 4ms","service":"movr-backend","timestamp":"2026-08-05T08:45:03.069Z"}
{"level":"info","message":"GET /breakdown - 304 - 8ms","service":"movr-backend","timestamp":"2026-08-05T08:45:03.075Z"}
{"level":"info","message":"GET /funnel - 200 - 53ms","service":"movr-backend","timestamp":"2026-08-05T08:45:07.893Z"}
{"level":"info","message":"GET /funnel - 304 - 4ms","service":"movr-backend","timestamp":"2026-08-05T08:45:07.902Z"}
{"level":"info","message":"GET /zones - 304 - 6ms","service":"movr-backend","timestamp":"2026-08-05T08:45:44.585Z"}
{"level":"info","message":"GET /factors - 304 - 7ms","service":"movr-backend","timestamp":"2026-08-05T08:45:44.587Z"}
{"level":"info","message":"GET /zones - 304 - 3ms","service":"movr-backend","timestamp":"2026-08-05T08:45:44.594Z"}
{"level":"info","message":"GET /factors - 304 - 5ms","service":"movr-backend","timestamp":"2026-08-05T08:45:44.600Z"}
{"level":"info","message":"GET /breakdown - 304 - 65ms","service":"movr-backend","timestamp":"2026-08-05T08:45:44.648Z"}
{"level":"info","message":"GET /breakdown - 304 - 6ms","service":"movr-backend","timestamp":"2026-08-05T08:45:44.657Z"}
{"level":"info","message":"GET /api/v1/admin/live/counts - 404 - 1ms","service":"movr-backend","timestamp":"2026-08-05T08:45:46.545Z"}
{"level":"info","message":"GET /api/v1/admin/live/counts - 404 - 2ms","service":"movr-backend","timestamp":"2026-08-05T08:45:46.552Z"}
{"level":"info","message":"GET /overview - 304 - 58ms","service":"movr-backend","timestamp":"2026-08-05T08:45:58.559Z"}
{"level":"info","message":"GET /overview - 304 - 41ms","service":"movr-backend","timestamp":"2026-08-05T08:45:58.603Z"}
{"level":"info","message":"GET /gmv - 304 - 3ms","service":"movr-backend","timestamp":"2026-08-05T08:46:04.634Z"}
{"level":"info","message":"GET /api/v1/admin/finance/summary - 404 - 2ms","service":"movr-backend","timestamp":"2026-08-05T08:46:04.639Z"}
{"level":"info","message":"GET /gmv - 304 - 3ms","service":"movr-backend","timestamp":"2026-08-05T08:46:04.644Z"}
{"level":"info","message":"GET /api/v1/admin/finance/summary - 404 - 1ms","service":"movr-backend","timestamp":"2026-08-05T08:46:04.647Z"}
{"level":"info","message":"GET /users - 304 - 2ms","service":"movr-backend","timestamp":"2026-08-05T08:46:06.231Z"}
{"level":"info","message":"GET /users - 304 - 3ms","service":"movr-backend","timestamp":"2026-08-05T08:46:06.239Z"}
{"level":"info","message":"GET /kyc-queue - 304 - 3ms","service":"movr-backend","timestamp":"2026-08-05T08:46:07.481Z"}
{"level":"info","message":"GET /kyc-queue - 304 - 2ms","service":"movr-backend","timestamp":"2026-08-05T08:46:07.487Z"}
{"level":"info","message":"GET /kyc-queue - 304 - 2ms","service":"movr-backend","timestamp":"2026-08-05T08:46:11.951Z"}
{"level":"info","message":"GET /kyc-queue - 304 - 2ms","service":"movr-backend","timestamp":"2026-08-05T08:46:11.957Z"}
{"level":"info","message":"POST /api/v1/identity/link/ - 404 - 1ms","service":"movr-backend","timestamp":"2026-08-05T08:46:16.556Z"}
{"level":"info","message":"POST /api/v1/identity/attest - 404 - 1ms","service":"movr-backend","timestamp":"2026-08-05T08:46:16.558Z"}
{"level":"info","message":"POST /api/v1/kyc/attest - 404 - 1ms","service":"movr-backend","timestamp":"2026-08-05T08:46:16.564Z"}
{"level":"info","message":"POST /api/v1/identity/override - 404 - 1ms","service":"movr-backend","timestamp":"2026-08-05T08:46:18.078Z"}
{"level":"info","message":"GET /feature-flags - 304 - 6ms","service":"movr-backend","timestamp":"2026-08-05T08:46:20.933Z"}
{"level":"info","message":"GET /feature-flags - 304 - 2ms","service":"movr-backend","timestamp":"2026-08-05T08:46:20.939Z"}
{"level":"info","message":"Initializing MOVR Platform Backend...","service":"movr-backend","timestamp":"2026-08-05T08:48:16.268Z"}
{"level":"info","message":"\n╔═══════════════════════════════════════╗\n║   MOVR Platform Backend Running       ║\n╠═══════════════════════════════════════╣\n║ Port: 3000\n║ Environment: development\n║ API: http://localhost:3000\n║ Health: http://localhost:3000/health\n╚═══════════════════════════════════════╝\n      ","service":"movr-backend","timestamp":"2026-08-05T08:48:16.272Z"}
{"level":"info","message":"GET /health - 200 - 4ms","service":"movr-backend","timestamp":"2026-08-05T08:49:39.426Z"}
{"level":"info","message":"GET /funnel - 200 - 60ms","service":"movr-backend","timestamp":"2026-08-05T08:50:18.325Z"}
{"level":"info","message":"GET /funnel - 304 - 3ms","service":"movr-backend","timestamp":"2026-08-05T08:50:18.338Z"}
{"level":"info","message":"GET /vehicle-types - 200 - 10ms","service":"movr-backend","timestamp":"2026-08-05T08:50:20.188Z"}
{"level":"info","message":"GET /vehicle-types - 304 - 3ms","service":"movr-backend","timestamp":"2026-08-05T08:50:20.195Z"}
{"level":"info","message":"GET /vehicle-types/c187d6fd-97ad-4ac1-b7ff-716b7169e8c6/pricing - 200 - 19ms","service":"movr-backend","timestamp":"2026-08-05T08:50:20.228Z"}
{"level":"info","message":"GET /vehicle-types/377c677c-fecf-476d-9094-1ba76a22d476/pricing - 200 - 3ms","service":"movr-backend","timestamp":"2026-08-05T08:50:20.239Z"}
{"level":"info","message":"GET /vehicle-types/9672713e-dfa1-4eb5-aff4-991b2508a8e0/pricing - 200 - 3ms","service":"movr-backend","timestamp":"2026-08-05T08:50:20.253Z"}
{"level":"info","message":"GET /vehicle-types/c187d6fd-97ad-4ac1-b7ff-716b7169e8c6/pricing - 304 - 3ms","service":"movr-backend","timestamp":"2026-08-05T08:50:20.264Z"}
{"level":"info","message":"GET /vehicle-types/377c677c-fecf-476d-9094-1ba76a22d476/pricing - 304 - 14ms","service":"movr-backend","timestamp":"2026-08-05T08:50:20.287Z"}
{"level":"info","message":"GET /vehicle-types/9672713e-dfa1-4eb5-aff4-991b2508a8e0/pricing - 304 - 15ms","service":"movr-backend","timestamp":"2026-08-05T08:50:20.307Z"}
{"level":"info","message":"GET /vehicle-types/fe0b8fac-52c3-481c-8266-1927461f2874/pricing - 200 - 116ms","service":"movr-backend","timestamp":"2026-08-05T08:50:20.326Z"}
{"level":"info","message":"GET /vehicle-types/07cb5eba-a4d3-4ae8-97f8-3998efe86ed6/pricing - 200 - 116ms","service":"movr-backend","timestamp":"2026-08-05T08:50:20.328Z"}
{"level":"info","message":"GET /vehicle-types/4c9838db-e851-4882-bc4c-931797c7eeee/pricing - 200 - 131ms","service":"movr-backend","timestamp":"2026-08-05T08:50:20.345Z"}
{"level":"info","message":"GET /vehicle-types/fe0b8fac-52c3-481c-8266-1927461f2874/pricing - 304 - 22ms","service":"movr-backend","timestamp":"2026-08-05T08:50:20.375Z"}
{"level":"info","message":"GET /vehicle-types/07cb5eba-a4d3-4ae8-97f8-3998efe86ed6/pricing - 304 - 20ms","service":"movr-backend","timestamp":"2026-08-05T08:50:20.377Z"}
{"level":"info","message":"GET /vehicle-types/a5bd0009-36c1-4d84-9156-088a139eb989/pricing - 200 - 192ms","service":"movr-backend","timestamp":"2026-08-05T08:50:20.408Z"}
{"level":"info","message":"GET /vehicle-types/4c9838db-e851-4882-bc4c-931797c7eeee/pricing - 304 - 35ms","service":"movr-backend","timestamp":"2026-08-05T08:50:20.425Z"}
{"level":"info","message":"GET /vehicle-types/d83bd488-fec8-4a87-8937-8018cf0f4db7/pricing - 200 - 225ms","service":"movr-backend","timestamp":"2026-08-05T08:50:20.445Z"}
{"level":"info","message":"GET /vehicle-types/a5bd0009-36c1-4d84-9156-088a139eb989/pricing - 304 - 20ms","service":"movr-backend","timestamp":"2026-08-05T08:50:20.459Z"}
{"level":"info","message":"GET /vehicle-types/d83bd488-fec8-4a87-8937-8018cf0f4db7/pricing - 304 - 3ms","service":"movr-backend","timestamp":"2026-08-05T08:50:20.479Z"}
{"level":"info","message":"GET /api/v1/admin/finance/summary - 404 - 2ms","service":"movr-backend","timestamp":"2026-08-05T08:50:24.300Z"}
{"level":"info","message":"GET /api/v1/admin/finance/summary - 404 - 2ms","service":"movr-backend","timestamp":"2026-08-05T08:50:24.309Z"}
{"level":"info","message":"GET /gmv - 304 - 52ms","service":"movr-backend","timestamp":"2026-08-05T08:50:24.348Z"}
{"level":"info","message":"GET /gmv - 304 - 2ms","service":"movr-backend","timestamp":"2026-08-05T08:50:24.354Z"}
{"level":"info","message":"POST /rollup - 200 - 16ms","service":"movr-backend","timestamp":"2026-08-05T08:50:29.676Z"}
{"level":"info","message":"GET /gmv - 304 - 4ms","service":"movr-backend","timestamp":"2026-08-05T08:50:29.689Z"}
{"level":"info","message":"POST /rollup - 200 - 7ms","service":"movr-backend","timestamp":"2026-08-05T08:50:30.788Z"}
{"level":"info","message":"GET /gmv - 304 - 2ms","service":"movr-backend","timestamp":"2026-08-05T08:50:30.798Z"}
{"level":"info","message":"POST /payout-batches - 400 - 15ms","service":"movr-backend","timestamp":"2026-08-05T08:50:32.145Z"}
{"level":"info","message":"POST /payout-batches - 400 - 174ms","service":"movr-backend","timestamp":"2026-08-05T08:50:33.015Z"}
{"level":"info","message":"POST /payout-batches - 400 - 42ms","service":"movr-backend","timestamp":"2026-08-05T08:50:33.102Z"}
{"level":"info","message":"POST /payout-batches - 400 - 40ms","service":"movr-backend","timestamp":"2026-08-05T08:50:33.328Z"}
{"level":"info","message":"GET /audit-log - 304 - 48ms","service":"movr-backend","timestamp":"2026-08-05T08:50:39.263Z"}
{"level":"info","message":"GET /audit-log - 304 - 1ms","service":"movr-backend","timestamp":"2026-08-05T08:50:39.268Z"}
{"level":"info","message":"GET / - 304 - 41ms","service":"movr-backend","timestamp":"2026-08-05T08:50:52.398Z"}
{"level":"info","message":"GET / - 304 - 2ms","service":"movr-backend","timestamp":"2026-08-05T08:50:52.403Z"}
{"level":"info","message":"GET / - 304 - 3ms","service":"movr-backend","timestamp":"2026-08-05T08:51:15.959Z"}
{"level":"info","message":"GET / - 304 - 10ms","service":"movr-backend","timestamp":"2026-08-05T08:51:15.978Z"}
{"level":"info","message":"GET /flutterwave - 200 - 17ms","service":"movr-backend","timestamp":"2026-08-05T08:51:19.328Z"}
{"level":"info","message":"GET /aws_s3 - 200 - 3ms","service":"movr-backend","timestamp":"2026-08-05T08:51:26.956Z"}
{"level":"info","message":"GET /feature-flags - 304 - 11ms","service":"movr-backend","timestamp":"2026-08-05T08:51:32.862Z"}
{"level":"info","message":"GET /feature-flags - 304 - 2ms","service":"movr-backend","timestamp":"2026-08-05T08:51:32.869Z"}
{"level":"info","message":"GET /health - 200 - 1ms","service":"movr-backend","timestamp":"2026-08-05T08:53:44.349Z"}
{"level":"info","message":"POST /api/v1/auth/login - 200 - 51ms","service":"movr-backend","timestamp":"2026-08-05T08:58:17.430Z"}
{"level":"info","message":"GET /overview - 304 - 110ms","service":"movr-backend","timestamp":"2026-08-05T08:58:17.756Z"}
{"level":"info","message":"GET /overview - 304 - 46ms","service":"movr-backend","timestamp":"2026-08-05T08:58:17.807Z"}
{"level":"info","message":"GET /vehicle-types - 304 - 11ms","service":"movr-backend","timestamp":"2026-08-05T08:58:34.266Z"}
{"level":"info","message":"GET /vehicle-types - 304 - 2ms","service":"movr-backend","timestamp":"2026-08-05T08:58:34.273Z"}
{"level":"info","message":"GET /vehicle-types/fe0b8fac-52c3-481c-8266-1927461f2874/pricing - 304 - 12ms","service":"movr-backend","timestamp":"2026-08-05T08:58:34.290Z"}
{"level":"info","message":"GET /vehicle-types/c187d6fd-97ad-4ac1-b7ff-716b7169e8c6/pricing - 304 - 3ms","service":"movr-backend","timestamp":"2026-08-05T08:58:34.296Z"}
{"level":"info","message":"GET /vehicle-types/07cb5eba-a4d3-4ae8-97f8-3998efe86ed6/pricing - 304 - 4ms","service":"movr-backend","timestamp":"2026-08-05T08:58:34.302Z"}
{"level":"info","message":"GET /vehicle-types/4c9838db-e851-4882-bc4c-931797c7eeee/pricing - 304 - 5ms","service":"movr-backend","timestamp":"2026-08-05T08:58:34.307Z"}
{"level":"info","message":"GET /vehicle-types/377c677c-fecf-476d-9094-1ba76a22d476/pricing - 304 - 5ms","service":"movr-backend","timestamp":"2026-08-05T08:58:34.309Z"}
{"level":"info","message":"GET /vehicle-types/a5bd0009-36c1-4d84-9156-088a139eb989/pricing - 304 - 7ms","service":"movr-backend","timestamp":"2026-08-05T08:58:34.317Z"}
{"level":"info","message":"GET /vehicle-types/d83bd488-fec8-4a87-8937-8018cf0f4db7/pricing - 304 - 11ms","service":"movr-backend","timestamp":"2026-08-05T08:58:34.324Z"}
{"level":"info","message":"GET /vehicle-types/c187d6fd-97ad-4ac1-b7ff-716b7169e8c6/pricing - 304 - 13ms","service":"movr-backend","timestamp":"2026-08-05T08:58:34.343Z"}
{"level":"info","message":"GET /vehicle-types/07cb5eba-a4d3-4ae8-97f8-3998efe86ed6/pricing - 304 - 9ms","service":"movr-backend","timestamp":"2026-08-05T08:58:34.344Z"}
{"level":"info","message":"GET /vehicle-types/4c9838db-e851-4882-bc4c-931797c7eeee/pricing - 304 - 7ms","service":"movr-backend","timestamp":"2026-08-05T08:58:34.357Z"}
{"level":"info","message":"GET /vehicle-types/377c677c-fecf-476d-9094-1ba76a22d476/pricing - 304 - 12ms","service":"movr-backend","timestamp":"2026-08-05T08:58:34.389Z"}
{"level":"info","message":"GET /vehicle-types/a5bd0009-36c1-4d84-9156-088a139eb989/pricing - 304 - 5ms","service":"movr-backend","timestamp":"2026-08-05T08:58:34.395Z"}
{"level":"info","message":"GET /vehicle-types/d83bd488-fec8-4a87-8937-8018cf0f4db7/pricing - 304 - 7ms","service":"movr-backend","timestamp":"2026-08-05T08:58:34.403Z"}
{"level":"info","message":"GET /vehicle-types/fe0b8fac-52c3-481c-8266-1927461f2874/pricing - 304 - 98ms","service":"movr-backend","timestamp":"2026-08-05T08:58:34.412Z"}
{"level":"info","message":"GET /vehicle-types/9672713e-dfa1-4eb5-aff4-991b2508a8e0/pricing - 304 - 107ms","service":"movr-backend","timestamp":"2026-08-05T08:58:34.412Z"}
{"level":"info","message":"GET /vehicle-types/9672713e-dfa1-4eb5-aff4-991b2508a8e0/pricing - 304 - 2ms","service":"movr-backend","timestamp":"2026-08-05T08:58:34.421Z"}
{"level":"info","message":"GET /funnel - 304 - 6ms","service":"movr-backend","timestamp":"2026-08-05T08:58:42.570Z"}
{"level":"info","message":"GET /funnel - 304 - 2ms","service":"movr-backend","timestamp":"2026-08-05T08:58:42.576Z"}
{"level":"info","message":"GET /vehicle-types - 304 - 4ms","service":"movr-backend","timestamp":"2026-08-05T08:58:45.816Z"}
{"level":"info","message":"GET /vehicle-types - 304 - 2ms","service":"movr-backend","timestamp":"2026-08-05T08:58:45.824Z"}
{"level":"info","message":"GET /vehicle-types/c187d6fd-97ad-4ac1-b7ff-716b7169e8c6/pricing - 304 - 7ms","service":"movr-backend","timestamp":"2026-08-05T08:58:45.837Z"}
{"level":"info","message":"GET /vehicle-types/07cb5eba-a4d3-4ae8-97f8-3998efe86ed6/pricing - 304 - 6ms","service":"movr-backend","timestamp":"2026-08-05T08:58:45.839Z"}
{"level":"info","message":"GET /vehicle-types/fe0b8fac-52c3-481c-8266-1927461f2874/pricing - 304 - 6ms","service":"movr-backend","timestamp":"2026-08-05T08:58:45.841Z"}
{"level":"info","message":"GET /vehicle-types/4c9838db-e851-4882-bc4c-931797c7eeee/pricing - 304 - 10ms","service":"movr-backend","timestamp":"2026-08-05T08:58:45.848Z"}
{"level":"info","message":"GET /vehicle-types/d83bd488-fec8-4a87-8937-8018cf0f4db7/pricing - 304 - 7ms","service":"movr-backend","timestamp":"2026-08-05T08:58:45.849Z"}
{"level":"info","message":"GET /vehicle-types/a5bd0009-36c1-4d84-9156-088a139eb989/pricing - 304 - 4ms","service":"movr-backend","timestamp":"2026-08-05T08:58:45.850Z"}
{"level":"info","message":"GET /vehicle-types/377c677c-fecf-476d-9094-1ba76a22d476/pricing - 304 - 2ms","service":"movr-backend","timestamp":"2026-08-05T08:58:45.853Z"}
{"level":"info","message":"GET /vehicle-types/9672713e-dfa1-4eb5-aff4-991b2508a8e0/pricing - 304 - 1ms","service":"movr-backend","timestamp":"2026-08-05T08:58:45.856Z"}
{"level":"info","message":"GET /vehicle-types/c187d6fd-97ad-4ac1-b7ff-716b7169e8c6/pricing - 304 - 7ms","service":"movr-backend","timestamp":"2026-08-05T08:58:45.866Z"}
{"level":"info","message":"GET /vehicle-types/07cb5eba-a4d3-4ae8-97f8-3998efe86ed6/pricing - 304 - 7ms","service":"movr-backend","timestamp":"2026-08-05T08:58:45.867Z"}
{"level":"info","message":"GET /vehicle-types/fe0b8fac-52c3-481c-8266-1927461f2874/pricing - 304 - 10ms","service":"movr-backend","timestamp":"2026-08-05T08:58:45.872Z"}
{"level":"info","message":"GET /vehicle-types/4c9838db-e851-4882-bc4c-931797c7eeee/pricing - 304 - 4ms","service":"movr-backend","timestamp":"2026-08-05T08:58:45.873Z"}
{"level":"info","message":"GET /vehicle-types/d83bd488-fec8-4a87-8937-8018cf0f4db7/pricing - 304 - 6ms","service":"movr-backend","timestamp":"2026-08-05T08:58:45.876Z"}
{"level":"info","message":"GET /vehicle-types/a5bd0009-36c1-4d84-9156-088a139eb989/pricing - 304 - 8ms","service":"movr-backend","timestamp":"2026-08-05T08:58:45.882Z"}
{"level":"info","message":"GET /vehicle-types/377c677c-fecf-476d-9094-1ba76a22d476/pricing - 304 - 5ms","service":"movr-backend","timestamp":"2026-08-05T08:58:45.885Z"}
{"level":"info","message":"GET /vehicle-types/9672713e-dfa1-4eb5-aff4-991b2508a8e0/pricing - 304 - 3ms","service":"movr-backend","timestamp":"2026-08-05T08:58:45.886Z"}
{"level":"info","message":"GET /api/v1/admin/live/counts - 404 - 2ms","service":"movr-backend","timestamp":"2026-08-05T08:58:51.756Z"}
{"level":"info","message":"GET /api/v1/admin/live/counts - 404 - 1ms","service":"movr-backend","timestamp":"2026-08-05T08:58:51.762Z"}
{"level":"info","message":"GET /zones - 304 - 63ms","service":"movr-backend","timestamp":"2026-08-05T08:58:53.729Z"}
{"level":"info","message":"GET /factors - 304 - 63ms","service":"movr-backend","timestamp":"2026-08-05T08:58:53.732Z"}
{"level":"info","message":"GET /zones - 304 - 5ms","service":"movr-backend","timestamp":"2026-08-05T08:58:53.741Z"}
{"level":"info","message":"GET /factors - 304 - 6ms","service":"movr-backend","timestamp":"2026-08-05T08:58:53.743Z"}
{"level":"info","message":"GET /breakdown - 304 - 119ms","service":"movr-backend","timestamp":"2026-08-05T08:58:53.767Z"}
{"level":"info","message":"GET /breakdown - 304 - 9ms","service":"movr-backend","timestamp":"2026-08-05T08:58:53.780Z"}
{"level":"info","message":"GET /zones - 200 - 5ms","service":"movr-backend","timestamp":"2026-08-05T09:01:18.134Z"}
{"level":"info","message":"GET /factors - 200 - 7ms","service":"movr-backend","timestamp":"2026-08-05T09:01:18.137Z"}
{"level":"info","message":"GET /breakdown - 200 - 21ms","service":"movr-backend","timestamp":"2026-08-05T09:01:18.156Z"}
{"level":"info","message":"GET /breakdown - 200 - 27ms","service":"movr-backend","timestamp":"2026-08-05T09:01:18.165Z"}
{"level":"info","message":"GET /zones - 200 - 72ms","service":"movr-backend","timestamp":"2026-08-05T09:01:18.211Z"}
{"level":"info","message":"GET /factors - 200 - 77ms","service":"movr-backend","timestamp":"2026-08-05T09:01:18.222Z"}
{"level":"info","message":"GET /api/v1/admin/live/counts - 404 - 1ms","service":"movr-backend","timestamp":"2026-08-05T09:01:20.551Z"}
{"level":"info","message":"GET /audit-log - 200 - 262ms","service":"movr-backend","timestamp":"2026-08-05T09:12:01.716Z"}
{"level":"info","message":"GET /audit-log - 304 - 14ms","service":"movr-backend","timestamp":"2026-08-05T09:12:01.769Z"}
{"level":"info","message":"GET /audit-log - 200 - 18ms","service":"movr-backend","timestamp":"2026-08-05T09:14:20.870Z"}
{"level":"info","message":"GET /audit-log - 200 - 124ms","service":"movr-backend","timestamp":"2026-08-05T09:14:20.989Z"}
{"level":"info","message":"GET /overview - 200 - 364ms","service":"movr-backend","timestamp":"2026-08-05T09:14:22.294Z"}
{"level":"info","message":"GET /overview - 304 - 83ms","service":"movr-backend","timestamp":"2026-08-05T09:14:22.400Z"}
{"level":"info","message":"GET /factors - 304 - 57ms","service":"movr-backend","timestamp":"2026-08-05T09:14:24.277Z"}
{"level":"info","message":"GET /zones - 304 - 76ms","service":"movr-backend","timestamp":"2026-08-05T09:14:24.282Z"}
{"level":"info","message":"GET /factors - 304 - 8ms","service":"movr-backend","timestamp":"2026-08-05T09:14:24.294Z"}
{"level":"info","message":"GET /zones - 304 - 17ms","service":"movr-backend","timestamp":"2026-08-05T09:14:24.314Z"}
{"level":"info","message":"GET /breakdown - 304 - 152ms","service":"movr-backend","timestamp":"2026-08-05T09:14:24.399Z"}
{"level":"info","message":"GET /breakdown - 304 - 10ms","service":"movr-backend","timestamp":"2026-08-05T09:14:24.416Z"}
{"level":"info","message":"GET /kyc-queue - 200 - 43ms","service":"movr-backend","timestamp":"2026-08-05T09:14:26.855Z"}
{"level":"info","message":"GET /kyc-queue - 304 - 4ms","service":"movr-backend","timestamp":"2026-08-05T09:14:26.910Z"}
{"level":"info","message":"GET /feature-flags - 200 - 340ms","service":"movr-backend","timestamp":"2026-08-05T09:14:30.276Z"}
{"level":"info","message":"GET /feature-flags - 304 - 20ms","service":"movr-backend","timestamp":"2026-08-05T09:14:30.399Z"}
{"level":"info","message":"Initializing MOVR Platform Backend...","service":"movr-backend","timestamp":"2026-08-05T09:16:30.407Z"}
{"level":"info","message":"\n╔═══════════════════════════════════════╗\n║   MOVR Platform Backend Running       ║\n╠═══════════════════════════════════════╣\n║ Port: 3000\n║ Environment: development\n║ API: http://localhost:3000\n║ Health: http://localhost:3000/health\n╚═══════════════════════════════════════╝\n      ","service":"movr-backend","timestamp":"2026-08-05T09:16:30.415Z"}
{"level":"info","message":"GET /feature-flags - 200 - 125ms","service":"movr-backend","timestamp":"2026-08-05T09:16:50.545Z"}
{"level":"info","message":"GET /feature-flags - 200 - 141ms","service":"movr-backend","timestamp":"2026-08-05T09:16:50.549Z"}
{"level":"info","message":"GET /vehicle-types - 304 - 182ms","service":"movr-backend","timestamp":"2026-08-05T09:16:55.939Z"}
{"level":"info","message":"GET /vehicle-types - 304 - 3ms","service":"movr-backend","timestamp":"2026-08-05T09:16:55.948Z"}
{"level":"info","message":"GET /vehicle-types/c187d6fd-97ad-4ac1-b7ff-716b7169e8c6/pricing - 304 - 13ms","service":"movr-backend","timestamp":"2026-08-05T09:16:55.977Z"}
{"level":"info","message":"GET /vehicle-types/a5bd0009-36c1-4d84-9156-088a139eb989/pricing - 304 - 2ms","service":"movr-backend","timestamp":"2026-08-05T09:16:55.983Z"}
{"level":"info","message":"GET /vehicle-types/377c677c-fecf-476d-9094-1ba76a22d476/pricing - 304 - 3ms","service":"movr-backend","timestamp":"2026-08-05T09:16:55.990Z"}
{"level":"info","message":"GET /vehicle-types/c187d6fd-97ad-4ac1-b7ff-716b7169e8c6/pricing - 304 - 2ms","service":"movr-backend","timestamp":"2026-08-05T09:16:55.997Z"}
{"level":"info","message":"GET /vehicle-types/a5bd0009-36c1-4d84-9156-088a139eb989/pricing - 304 - 8ms","service":"movr-backend","timestamp":"2026-08-05T09:16:56.010Z"}
{"level":"info","message":"GET /vehicle-types/377c677c-fecf-476d-9094-1ba76a22d476/pricing - 304 - 12ms","service":"movr-backend","timestamp":"2026-08-05T09:16:56.028Z"}
{"level":"info","message":"GET /vehicle-types/fe0b8fac-52c3-481c-8266-1927461f2874/pricing - 304 - 73ms","service":"movr-backend","timestamp":"2026-08-05T09:16:56.040Z"}
{"level":"info","message":"GET /vehicle-types/07cb5eba-a4d3-4ae8-97f8-3998efe86ed6/pricing - 304 - 72ms","service":"movr-backend","timestamp":"2026-08-05T09:16:56.042Z"}
{"level":"info","message":"GET /vehicle-types/fe0b8fac-52c3-481c-8266-1927461f2874/pricing - 304 - 3ms","service":"movr-backend","timestamp":"2026-08-05T09:16:56.048Z"}
{"level":"info","message":"GET /vehicle-types/07cb5eba-a4d3-4ae8-97f8-3998efe86ed6/pricing - 304 - 3ms","service":"movr-backend","timestamp":"2026-08-05T09:16:56.050Z"}
{"level":"info","message":"GET /vehicle-types/d83bd488-fec8-4a87-8937-8018cf0f4db7/pricing - 304 - 88ms","service":"movr-backend","timestamp":"2026-08-05T09:16:56.059Z"}
{"level":"info","message":"GET /vehicle-types/9672713e-dfa1-4eb5-aff4-991b2508a8e0/pricing - 304 - 90ms","service":"movr-backend","timestamp":"2026-08-05T09:16:56.063Z"}
{"level":"info","message":"GET /vehicle-types/4c9838db-e851-4882-bc4c-931797c7eeee/pricing - 304 - 95ms","service":"movr-backend","timestamp":"2026-08-05T09:16:56.065Z"}
{"level":"info","message":"GET /vehicle-types/d83bd488-fec8-4a87-8937-8018cf0f4db7/pricing - 304 - 3ms","service":"movr-backend","timestamp":"2026-08-05T09:16:56.069Z"}
{"level":"info","message":"GET /vehicle-types/9672713e-dfa1-4eb5-aff4-991b2508a8e0/pricing - 304 - 4ms","service":"movr-backend","timestamp":"2026-08-05T09:16:56.075Z"}
{"level":"info","message":"GET /vehicle-types/4c9838db-e851-4882-bc4c-931797c7eeee/pricing - 304 - 2ms","service":"movr-backend","timestamp":"2026-08-05T09:16:56.078Z"}
{"level":"info","message":"GET /health - 200 - 53ms","service":"movr-backend","timestamp":"2026-08-05T09:21:21.295Z"}
{"level":"info","message":"GET /api/v1/public/countries - 404 - 177ms","service":"movr-backend","timestamp":"2026-08-05T09:49:26.174Z"}
{"level":"info","message":"GET /api/v1/public/countries - 404 - 3ms","service":"movr-backend","timestamp":"2026-08-05T09:49:26.195Z"}
{"level":"info","message":"GET /api/v1/public/countries - 404 - 3ms","service":"movr-backend","timestamp":"2026-08-05T09:49:26.230Z"}
{"level":"info","message":"GET /api/v1/public/countries - 404 - 1ms","service":"movr-backend","timestamp":"2026-08-05T09:49:27.315Z"}
{"level":"info","message":"GET /api/v1/public/countries - 404 - 1ms","service":"movr-backend","timestamp":"2026-08-05T09:49:27.321Z"}
{"level":"info","message":"GET /api/v1/public/countries - 404 - 2ms","service":"movr-backend","timestamp":"2026-08-05T09:49:27.328Z"}
{"level":"info","message":"GET /api/v1/public/countries - 404 - 3ms","service":"movr-backend","timestamp":"2026-08-05T09:50:37.620Z"}
{"level":"info","message":"GET /api/v1/public/countries - 404 - 1ms","service":"movr-backend","timestamp":"2026-08-05T09:50:38.097Z"}
{"level":"info","message":"GET /api/v1/public/countries - 404 - 1ms","service":"movr-backend","timestamp":"2026-08-05T09:50:39.422Z"}
{"level":"info","message":"GET /api/v1/public/countries - 404 - 1ms","service":"movr-backend","timestamp":"2026-08-05T09:50:40.106Z"}
{"level":"info","message":"GET /api/v1/public/countries - 404 - 2ms","service":"movr-backend","timestamp":"2026-08-05T09:51:07.945Z"}
{"level":"info","message":"GET /api/v1/public/countries - 404 - 7ms","service":"movr-backend","timestamp":"2026-08-05T09:51:07.958Z"}
{"level":"info","message":"GET /api/v1/public/countries - 404 - 1ms","service":"movr-backend","timestamp":"2026-08-05T09:51:08.779Z"}
{"level":"info","message":"GET /api/v1/public/countries - 404 - 1ms","service":"movr-backend","timestamp":"2026-08-05T09:51:08.784Z"}
{"level":"info","message":"GET /api/v1/public/countries - 404 - 1ms","service":"movr-backend","timestamp":"2026-08-05T09:51:08.787Z"}
{"level":"info","message":"GET /api/v1/public/countries - 404 - 2ms","service":"movr-backend","timestamp":"2026-08-05T09:51:12.913Z"}
{"level":"info","message":"GET /api/v1/public/countries - 404 - 2ms","service":"movr-backend","timestamp":"2026-08-05T09:51:12.935Z"}
{"level":"info","message":"GET /api/v1/public/countries - 404 - 1ms","service":"movr-backend","timestamp":"2026-08-05T09:51:13.211Z"}
{"level":"info","message":"GET /api/v1/public/countries - 404 - 2ms","service":"movr-backend","timestamp":"2026-08-05T09:51:13.217Z"}
{"level":"info","message":"GET /api/v1/public/countries - 404 - 177ms","service":"movr-backend","timestamp":"2026-08-05T10:12:50.715Z"}
{"level":"info","message":"GET /api/v1/public/countries - 404 - 0ms","service":"movr-backend","timestamp":"2026-08-05T10:12:50.996Z"}
{"level":"info","message":"GET /api/v1/public/countries - 404 - 3ms","service":"movr-backend","timestamp":"2026-08-05T10:12:51.090Z"}
{"level":"info","message":"GET /api/v1/public/countries - 404 - 38ms","service":"movr-backend","timestamp":"2026-08-05T10:16:38.844Z"}
{"level":"info","message":"GET /api/v1/public/countries - 404 - 0ms","service":"movr-backend","timestamp":"2026-08-05T10:16:38.862Z"}
{"level":"info","message":"GET /api/v1/public/countries - 404 - 1ms","service":"movr-backend","timestamp":"2026-08-05T10:16:38.870Z"}
{"level":"info","message":"GET /api/v1/public/countries - 404 - 177ms","service":"movr-backend","timestamp":"2026-08-05T10:27:56.631Z"}
{"level":"info","message":"GET /api/v1/public/countries - 404 - 2ms","service":"movr-backend","timestamp":"2026-08-05T10:27:56.809Z"}
{"level":"info","message":"GET /api/v1/public/countries - 404 - 8ms","service":"movr-backend","timestamp":"2026-08-05T10:27:56.840Z"}
{"level":"info","message":"GET /api/v1/public/cms/pages/home - 404 - 47ms","service":"movr-backend","timestamp":"2026-08-05T10:33:34.407Z"}
{"level":"info","message":"GET /api/v1/public/cms/pages/home - 404 - 0ms","service":"movr-backend","timestamp":"2026-08-05T10:33:34.425Z"}
{"level":"info","message":"GET /api/v1/public/cms/pages/global - 404 - 0ms","service":"movr-backend","timestamp":"2026-08-05T10:33:34.431Z"}
{"level":"info","message":"GET /api/v1/public/cms/pages/home - 404 - 1ms","service":"movr-backend","timestamp":"2026-08-05T10:33:34.435Z"}
{"level":"info","message":"GET /api/v1/public/cms/pages/global - 404 - 0ms","service":"movr-backend","timestamp":"2026-08-05T10:33:34.463Z"}
{"level":"info","message":"GET /api/v1/public/cms/pages/global - 404 - 1ms","service":"movr-backend","timestamp":"2026-08-05T10:33:34.465Z"}
{"level":"info","message":"GET /api/v1/public/cms/pages/home - 404 - 0ms","service":"movr-backend","timestamp":"2026-08-05T10:33:34.465Z"}
{"level":"info","message":"GET /api/v1/public/cms/pages/home - 404 - 1ms","service":"movr-backend","timestamp":"2026-08-05T10:33:34.469Z"}
{"level":"info","message":"GET /api/v1/public/cms/pages/global - 404 - 1ms","service":"movr-backend","timestamp":"2026-08-05T10:33:34.537Z"}
{"level":"info","message":"GET /api/v1/public/cms/pages/global - 404 - 0ms","service":"movr-backend","timestamp":"2026-08-05T10:33:34.538Z"}
{"level":"info","message":"GET /api/v1/public/cms/pages/home - 404 - 2ms","service":"movr-backend","timestamp":"2026-08-05T10:33:34.543Z"}
{"level":"info","message":"GET /api/v1/public/cms/pages/global - 404 - 2ms","service":"movr-backend","timestamp":"2026-08-05T10:33:34.546Z"}
{"level":"info","message":"GET /api/v1/public/cms/pages/global - 404 - 1ms","service":"movr-backend","timestamp":"2026-08-05T10:33:34.548Z"}
{"level":"info","message":"GET /api/v1/public/cms/pages/home - 404 - 0ms","service":"movr-backend","timestamp":"2026-08-05T10:33:34.549Z"}
{"level":"info","message":"GET /api/v1/public/cms/pages/home - 404 - 1ms","service":"movr-backend","timestamp":"2026-08-05T10:34:46.731Z"}
{"level":"info","message":"GET /api/v1/public/cms/pages/home - 404 - 2ms","service":"movr-backend","timestamp":"2026-08-05T10:36:01.554Z"}
{"level":"info","message":"GET /api/v1/public/cms/pages/global - 404 - 1ms","service":"movr-backend","timestamp":"2026-08-05T10:36:01.556Z"}
{"level":"info","message":"GET /api/v1/public/cms/pages/home - 404 - 1ms","service":"movr-backend","timestamp":"2026-08-05T10:36:01.558Z"}
{"level":"info","message":"GET /api/v1/public/cms/pages/global - 404 - 1ms","service":"movr-backend","timestamp":"2026-08-05T10:36:01.560Z"}
{"level":"info","message":"GET /api/v1/public/cms/pages/home - 404 - 0ms","service":"movr-backend","timestamp":"2026-08-05T10:36:01.561Z"}
{"level":"info","message":"GET /api/v1/public/cms/pages/global - 404 - 1ms","service":"movr-backend","timestamp":"2026-08-05T10:36:01.564Z"}
{"level":"info","message":"POST /api/v1/auth/login - 200 - 426ms","service":"movr-backend","timestamp":"2026-08-05T10:36:15.088Z"}
{"level":"info","message":"GET /overview - 200 - 176ms","service":"movr-backend","timestamp":"2026-08-05T10:36:15.356Z"}
{"level":"info","message":"GET /overview - 304 - 53ms","service":"movr-backend","timestamp":"2026-08-05T10:36:15.410Z"}
{"level":"info","message":"GET /api/v1/admin/cms/pages - 404 - 12ms","service":"movr-backend","timestamp":"2026-08-05T10:36:21.645Z"}
{"level":"info","message":"GET /api/v1/admin/cms/pages - 404 - 5ms","service":"movr-backend","timestamp":"2026-08-05T10:36:21.653Z"}
{"level":"info","message":"POST /api/v1/admin/cms/seed - 404 - 0ms","service":"movr-backend","timestamp":"2026-08-05T10:36:38.782Z"}
{"level":"info","message":"POST /api/v1/admin/cms/seed - 404 - 0ms","service":"movr-backend","timestamp":"2026-08-05T10:36:40.024Z"}
{"level":"info","message":"GET /health - 200 - 3ms","service":"movr-backend","timestamp":"2026-08-05T10:38:31.262Z"}
{"level":"info","message":"GET /cms/pages - 401 - 1ms","service":"movr-backend","timestamp":"2026-08-05T10:38:31.450Z"}
{"level":"info","message":"GET /api/v1/public/cms/pages/home - 404 - 0ms","service":"movr-backend","timestamp":"2026-08-05T10:38:31.802Z"}
{"level":"info","message":"GET /api/v1/public/cms/pages/home - 404 - 1ms","service":"movr-backend","timestamp":"2026-08-05T10:38:51.514Z"}
{"level":"info","message":"GET /api/v1/public/cms/bundle - 404 - 1ms","service":"movr-backend","timestamp":"2026-08-05T10:38:51.833Z"}
{"level":"info","message":"GET /api/v1/public/countries - 404 - 1ms","service":"movr-backend","timestamp":"2026-08-05T10:38:51.839Z"}
{"level":"info","message":"GET /cms/pages - 403 - 8ms","service":"movr-backend","timestamp":"2026-08-05T10:38:51.861Z"}
{"level":"info","message":"GET /overview - 403 - 2ms","service":"movr-backend","timestamp":"2026-08-05T10:40:00.690Z"}
{"level":"info","message":"Initializing MOVR Platform Backend...","service":"movr-backend","timestamp":"2026-08-05T10:40:58.751Z"}
{"level":"info","message":"\n╔═══════════════════════════════════════╗\n║   MOVR Platform Backend Running       ║\n╠═══════════════════════════════════════╣\n║ Port: 3000\n║ Environment: development\n║ API: http://localhost:3000\n║ Health: http://localhost:3000/health\n╚═══════════════════════════════════════╝\n      ","service":"movr-backend","timestamp":"2026-08-05T10:40:58.928Z"}
{"level":"info","message":"Initializing MOVR Platform Backend...","service":"movr-backend","timestamp":"2026-08-05T10:42:38.376Z"}
{"level":"info","message":"Initializing MOVR Platform Backend...","service":"movr-backend","timestamp":"2026-08-05T10:43:11.547Z"}
{"level":"info","message":"Initializing MOVR Platform Backend...","service":"movr-backend","timestamp":"2026-08-05T10:43:37.865Z"}
{"level":"info","message":"\n╔═══════════════════════════════════════╗\n║   MOVR Platform Backend Running       ║\n╠═══════════════════════════════════════╣\n║ Port: 3000\n║ Environment: development\n║ API: http://localhost:3000\n║ Health: http://localhost:3000/health\n╚═══════════════════════════════════════╝\n      ","service":"movr-backend","timestamp":"2026-08-05T10:43:37.982Z"}
{"level":"info","message":"GET /pages/home - 200 - 98ms","service":"movr-backend","timestamp":"2026-08-05T10:44:30.237Z"}
{"level":"info","message":"GET /pages/global - 200 - 4ms","service":"movr-backend","timestamp":"2026-08-05T10:44:30.433Z"}
{"level":"info","message":"GET /api/v1/public/cms/pages - 404 - 1ms","service":"movr-backend","timestamp":"2026-08-05T10:44:30.439Z"}
{"level":"info","message":"POST /ensure-defaults - 500 - 1075ms","service":"movr-backend","timestamp":"2026-08-05T10:46:04.426Z"}
{"level":"info","message":"POST /ensure-defaults - 500 - 715ms","service":"movr-backend","timestamp":"2026-08-05T10:46:04.490Z"}
{"level":"info","message":"GET /zones - 200 - 352ms","service":"movr-backend","timestamp":"2026-08-05T10:46:17.935Z"}
{"level":"info","message":"GET /factors - 200 - 342ms","service":"movr-backend","timestamp":"2026-08-05T10:46:17.939Z"}
{"level":"info","message":"GET /zones - 304 - 18ms","service":"movr-backend","timestamp":"2026-08-05T10:46:17.966Z"}
{"level":"info","message":"GET /factors - 304 - 9ms","service":"movr-backend","timestamp":"2026-08-05T10:46:17.968Z"}
{"level":"info","message":"GET /breakdown - 200 - 464ms","service":"movr-backend","timestamp":"2026-08-05T10:46:18.071Z"}
{"level":"info","message":"GET /breakdown - 304 - 10ms","service":"movr-backend","timestamp":"2026-08-05T10:46:18.088Z"}
{"level":"info","message":"POST /ensure-defaults - 500 - 302ms","service":"movr-backend","timestamp":"2026-08-05T10:46:20.980Z"}
{"level":"info","message":"POST /ensure-defaults - 500 - 596ms","service":"movr-backend","timestamp":"2026-08-05T10:46:21.272Z"}
{"level":"info","message":"Initializing MOVR Platform Backend...","service":"movr-backend","timestamp":"2026-08-05T10:46:56.918Z"}
{"level":"info","message":"CMS ready: 15 pages (15 defaults). added=0","service":"movr-backend","timestamp":"2026-08-05T10:46:57.238Z"}
{"level":"info","message":"\n╔═══════════════════════════════════════╗\n║   MOVR Platform Backend Running       ║\n╠═══════════════════════════════════════╣\n║ Port: 3000\n║ Environment: development\n║ API: http://localhost:3000\n║ Health: http://localhost:3000/health\n╚═══════════════════════════════════════╝\n      ","service":"movr-backend","timestamp":"2026-08-05T10:46:57.246Z"}
{"level":"info","message":"GET /pages/home - 200 - 70ms","service":"movr-backend","timestamp":"2026-08-05T10:47:34.251Z"}
{"level":"info","message":"GET /pages/about - 200 - 6ms","service":"movr-backend","timestamp":"2026-08-05T10:47:34.803Z"}
{"level":"info","message":"Initializing MOVR Platform Backend...","service":"movr-backend","timestamp":"2026-08-05T10:53:55.074Z"}
{"level":"info","message":"CMS ready: 15 pages (15 defaults). added=0","service":"movr-backend","timestamp":"2026-08-05T10:53:55.407Z"}
{"level":"info","message":"\n╔═══════════════════════════════════════╗\n║   MOVR Platform Backend Running       ║\n╠═══════════════════════════════════════╣\n║ Port: 3000\n║ Environment: development\n║ API: http://localhost:3000\n║ Health: http://localhost:3000/health\n╚═══════════════════════════════════════╝\n      ","service":"movr-backend","timestamp":"2026-08-05T10:53:55.411Z"}
{"level":"info","message":"GET /health - 200 - 12ms","service":"movr-backend","timestamp":"2026-08-05T10:54:10.622Z"}
{"level":"info","message":"GET /pages/home - 200 - 67ms","service":"movr-backend","timestamp":"2026-08-05T10:54:10.881Z"}
{"level":"info","message":"GET /health - 200 - 1ms","service":"movr-backend","timestamp":"2026-08-05T10:55:40.628Z"}
{"level":"info","message":"GET /pages/home - 200 - 4ms","service":"movr-backend","timestamp":"2026-08-05T10:55:40.678Z"}
{"level":"info","message":"POST /ensure-defaults - 200 - 730ms","service":"movr-backend","timestamp":"2026-08-05T12:46:59.240Z"}
{"level":"info","message":"GET /overview - 200 - 483ms","service":"movr-backend","timestamp":"2026-08-05T12:46:59.307Z"}
{"level":"info","message":"GET /pages - 200 - 6ms","service":"movr-backend","timestamp":"2026-08-05T12:46:59.333Z"}
{"level":"info","message":"GET /pages/home - 200 - 23ms","service":"movr-backend","timestamp":"2026-08-05T12:46:59.404Z"}
{"level":"info","message":"POST /ensure-defaults - 200 - 663ms","service":"movr-backend","timestamp":"2026-08-05T12:46:59.421Z"}
{"level":"info","message":"GET /pages - 304 - 4ms","service":"movr-backend","timestamp":"2026-08-05T12:46:59.437Z"}
{"level":"info","message":"GET /pages/home - 304 - 4ms","service":"movr-backend","timestamp":"2026-08-05T12:46:59.456Z"}
{"level":"info","message":"GET /overview - 304 - 131ms","service":"movr-backend","timestamp":"2026-08-05T12:46:59.483Z"}
{"level":"info","message":"POST /ensure-defaults - 200 - 324ms","service":"movr-backend","timestamp":"2026-08-05T12:51:29.561Z"}
{"level":"info","message":"GET /pages - 304 - 3ms","service":"movr-backend","timestamp":"2026-08-05T12:51:29.591Z"}
{"level":"info","message":"POST /ensure-defaults - 200 - 218ms","service":"movr-backend","timestamp":"2026-08-05T12:51:29.592Z"}
{"level":"info","message":"GET /pages/home - 304 - 5ms","service":"movr-backend","timestamp":"2026-08-05T12:51:29.606Z"}
{"level":"info","message":"GET /pages - 304 - 3ms","service":"movr-backend","timestamp":"2026-08-05T12:51:29.612Z"}
{"level":"info","message":"GET /pages/home - 304 - 2ms","service":"movr-backend","timestamp":"2026-08-05T12:51:29.626Z"}
{"level":"info","message":"POST /ensure-defaults - 200 - 38ms","service":"movr-backend","timestamp":"2026-08-05T12:54:04.051Z"}
{"level":"info","message":"POST /ensure-defaults - 200 - 34ms","service":"movr-backend","timestamp":"2026-08-05T12:54:04.054Z"}
{"level":"info","message":"GET /pages - 304 - 2ms","service":"movr-backend","timestamp":"2026-08-05T12:54:04.063Z"}
{"level":"info","message":"GET /pages - 304 - 2ms","service":"movr-backend","timestamp":"2026-08-05T12:54:04.068Z"}
{"level":"info","message":"GET /pages/home - 304 - 3ms","service":"movr-backend","timestamp":"2026-08-05T12:54:04.076Z"}
{"level":"info","message":"GET /pages/home - 304 - 4ms","service":"movr-backend","timestamp":"2026-08-05T12:54:04.086Z"}
{"level":"info","message":"POST /ensure-defaults - 200 - 80ms","service":"movr-backend","timestamp":"2026-08-05T12:54:04.212Z"}
{"level":"info","message":"POST /ensure-defaults - 200 - 93ms","service":"movr-backend","timestamp":"2026-08-05T12:54:04.227Z"}
{"level":"info","message":"GET /pages - 304 - 2ms","service":"movr-backend","timestamp":"2026-08-05T12:54:04.240Z"}
{"level":"info","message":"GET /pages - 304 - 2ms","service":"movr-backend","timestamp":"2026-08-05T12:54:04.252Z"}
{"level":"info","message":"GET /pages/home - 304 - 13ms","service":"movr-backend","timestamp":"2026-08-05T12:54:04.268Z"}
{"level":"info","message":"GET /pages/home - 304 - 5ms","service":"movr-backend","timestamp":"2026-08-05T12:54:04.276Z"}
{"level":"info","message":"POST /ensure-defaults - 200 - 125ms","service":"movr-backend","timestamp":"2026-08-05T13:03:26.037Z"}
{"level":"info","message":"POST /ensure-defaults - 200 - 270ms","service":"movr-backend","timestamp":"2026-08-05T13:03:26.055Z"}
{"level":"info","message":"GET /pages - 304 - 4ms","service":"movr-backend","timestamp":"2026-08-05T13:03:26.062Z"}
{"level":"info","message":"GET /pages - 304 - 3ms","service":"movr-backend","timestamp":"2026-08-05T13:03:26.070Z"}
{"level":"info","message":"GET /pages/home - 304 - 3ms","service":"movr-backend","timestamp":"2026-08-05T13:03:26.077Z"}
{"level":"info","message":"GET /pages/home - 304 - 3ms","service":"movr-backend","timestamp":"2026-08-05T13:03:26.085Z"}
{"level":"info","message":"GET /pages/home - 200 - 13ms","service":"movr-backend","timestamp":"2026-08-05T13:09:12.931Z"}
{"level":"info","message":"GET /pages/global - 200 - 14ms","service":"movr-backend","timestamp":"2026-08-05T13:09:12.935Z"}
{"level":"info","message":"GET /pages/global - 304 - 4ms","service":"movr-backend","timestamp":"2026-08-05T13:09:12.944Z"}
{"level":"info","message":"GET /pages/home - 304 - 6ms","service":"movr-backend","timestamp":"2026-08-05T13:09:12.946Z"}
{"level":"info","message":"GET /pages/global - 200 - 6ms","service":"movr-backend","timestamp":"2026-08-05T13:09:12.952Z"}
{"level":"info","message":"GET /pages/home - 200 - 7ms","service":"movr-backend","timestamp":"2026-08-05T13:09:12.954Z"}
{"level":"info","message":"GET /health - 200 - 63ms","service":"movr-backend","timestamp":"2026-08-05T13:25:59.421Z"}
{"level":"info","message":"GET /vehicle-types/4c9838db-e851-4882-bc4c-931797c7eeee/pricing - 304 - 216ms","service":"movr-backend","timestamp":"2026-08-05T14:44:56.999Z"}
{"level":"info","message":"GET /vehicle-types/d83bd488-fec8-4a87-8937-8018cf0f4db7/pricing - 304 - 228ms","service":"movr-backend","timestamp":"2026-08-05T14:44:57.012Z"}
{"level":"info","message":"GET /vehicle-types/a5bd0009-36c1-4d84-9156-088a139eb989/pricing - 304 - 225ms","service":"movr-backend","timestamp":"2026-08-05T14:44:57.014Z"}
{"level":"info","message":"GET /vehicle-types/fe0b8fac-52c3-481c-8266-1927461f2874/pricing - 304 - 258ms","service":"movr-backend","timestamp":"2026-08-05T14:44:57.016Z"}
{"level":"info","message":"GET /vehicle-types/07cb5eba-a4d3-4ae8-97f8-3998efe86ed6/pricing - 304 - 251ms","service":"movr-backend","timestamp":"2026-08-05T14:44:57.018Z"}
{"level":"info","message":"GET /vehicle-types/c187d6fd-97ad-4ac1-b7ff-716b7169e8c6/pricing - 304 - 463ms","service":"movr-backend","timestamp":"2026-08-05T14:44:57.022Z"}
{"level":"info","message":"GET /vehicle-types/377c677c-fecf-476d-9094-1ba76a22d476/pricing - 304 - 18ms","service":"movr-backend","timestamp":"2026-08-05T14:44:57.061Z"}
{"level":"info","message":"GET /vehicle-types/9672713e-dfa1-4eb5-aff4-991b2508a8e0/pricing - 304 - 16ms","service":"movr-backend","timestamp":"2026-08-05T14:44:57.064Z"}
{"level":"info","message":"GET /vehicle-types/4c9838db-e851-4882-bc4c-931797c7eeee/pricing - 304 - 20ms","service":"movr-backend","timestamp":"2026-08-05T14:44:57.070Z"}
{"level":"info","message":"GET /vehicle-types/d83bd488-fec8-4a87-8937-8018cf0f4db7/pricing - 304 - 7ms","service":"movr-backend","timestamp":"2026-08-05T14:44:57.071Z"}
{"level":"info","message":"GET /vehicle-types/a5bd0009-36c1-4d84-9156-088a139eb989/pricing - 304 - 8ms","service":"movr-backend","timestamp":"2026-08-05T14:44:57.074Z"}
{"level":"info","message":"GET /vehicle-types/fe0b8fac-52c3-481c-8266-1927461f2874/pricing - 304 - 10ms","service":"movr-backend","timestamp":"2026-08-05T14:44:57.077Z"}
{"level":"info","message":"GET /vehicle-types/07cb5eba-a4d3-4ae8-97f8-3998efe86ed6/pricing - 304 - 4ms","service":"movr-backend","timestamp":"2026-08-05T14:44:57.082Z"}
{"level":"info","message":"GET /vehicle-types/c187d6fd-97ad-4ac1-b7ff-716b7169e8c6/pricing - 304 - 5ms","service":"movr-backend","timestamp":"2026-08-05T14:44:57.085Z"}
{"level":"info","message":"GET /vehicle-types/377c677c-fecf-476d-9094-1ba76a22d476/pricing - 304 - 5ms","service":"movr-backend","timestamp":"2026-08-05T14:44:57.088Z"}
{"level":"info","message":"GET /vehicle-types/9672713e-dfa1-4eb5-aff4-991b2508a8e0/pricing - 304 - 5ms","service":"movr-backend","timestamp":"2026-08-05T14:44:57.089Z"}
{"level":"info","message":"GET /vehicle-types - 200 - 15ms","service":"movr-backend","timestamp":"2026-08-05T14:44:59.452Z"}
{"level":"info","message":"GET /vehicle-types - 200 - 21ms","service":"movr-backend","timestamp":"2026-08-05T14:44:59.453Z"}
{"level":"info","message":"GET /vehicle-types/c187d6fd-97ad-4ac1-b7ff-716b7169e8c6/pricing - 304 - 1ms","service":"movr-backend","timestamp":"2026-08-05T14:44:59.465Z"}
{"level":"info","message":"GET /vehicle-types/fe0b8fac-52c3-481c-8266-1927461f2874/pricing - 304 - 3ms","service":"movr-backend","timestamp":"2026-08-05T14:44:59.468Z"}
{"level":"info","message":"GET /vehicle-types/07cb5eba-a4d3-4ae8-97f8-3998efe86ed6/pricing - 304 - 6ms","service":"movr-backend","timestamp":"2026-08-05T14:44:59.472Z"}
{"level":"info","message":"GET /vehicle-types/d83bd488-fec8-4a87-8937-8018cf0f4db7/pricing - 304 - 5ms","service":"movr-backend","timestamp":"2026-08-05T14:44:59.474Z"}
{"level":"info","message":"GET /vehicle-types/a5bd0009-36c1-4d84-9156-088a139eb989/pricing - 304 - 6ms","service":"movr-backend","timestamp":"2026-08-05T14:44:59.477Z"}
{"level":"info","message":"GET /vehicle-types/4c9838db-e851-4882-bc4c-931797c7eeee/pricing - 304 - 5ms","service":"movr-backend","timestamp":"2026-08-05T14:44:59.478Z"}
{"level":"info","message":"GET /vehicle-types/377c677c-fecf-476d-9094-1ba76a22d476/pricing - 304 - 5ms","service":"movr-backend","timestamp":"2026-08-05T14:44:59.481Z"}
{"level":"info","message":"GET /vehicle-types/9672713e-dfa1-4eb5-aff4-991b2508a8e0/pricing - 304 - 5ms","service":"movr-backend","timestamp":"2026-08-05T14:44:59.484Z"}
{"level":"info","message":"GET /vehicle-types/c187d6fd-97ad-4ac1-b7ff-716b7169e8c6/pricing - 304 - 8ms","service":"movr-backend","timestamp":"2026-08-05T14:44:59.488Z"}
{"level":"info","message":"GET /vehicle-types/fe0b8fac-52c3-481c-8266-1927461f2874/pricing - 304 - 5ms","service":"movr-backend","timestamp":"2026-08-05T14:44:59.490Z"}
{"level":"info","message":"GET /vehicle-types/07cb5eba-a4d3-4ae8-97f8-3998efe86ed6/pricing - 304 - 7ms","service":"movr-backend","timestamp":"2026-08-05T14:44:59.493Z"}
{"level":"info","message":"GET /vehicle-types/d83bd488-fec8-4a87-8937-8018cf0f4db7/pricing - 304 - 3ms","service":"movr-backend","timestamp":"2026-08-05T14:44:59.494Z"}
{"level":"info","message":"GET /vehicle-types/a5bd0009-36c1-4d84-9156-088a139eb989/pricing - 304 - 2ms","service":"movr-backend","timestamp":"2026-08-05T14:44:59.494Z"}
{"level":"info","message":"GET /vehicle-types/4c9838db-e851-4882-bc4c-931797c7eeee/pricing - 304 - 3ms","service":"movr-backend","timestamp":"2026-08-05T14:44:59.495Z"}
{"level":"info","message":"GET /vehicle-types/377c677c-fecf-476d-9094-1ba76a22d476/pricing - 304 - 2ms","service":"movr-backend","timestamp":"2026-08-05T14:44:59.512Z"}
{"level":"info","message":"GET /vehicle-types/9672713e-dfa1-4eb5-aff4-991b2508a8e0/pricing - 304 - 3ms","service":"movr-backend","timestamp":"2026-08-05T14:44:59.514Z"}
{"level":"info","message":"GET /overview - 200 - 118ms","service":"movr-backend","timestamp":"2026-08-05T14:45:02.185Z"}
{"level":"info","message":"GET /overview - 304 - 40ms","service":"movr-backend","timestamp":"2026-08-05T14:45:02.230Z"}
{"level":"info","message":"GET /gmv - 304 - 34ms","service":"movr-backend","timestamp":"2026-08-05T14:45:08.127Z"}
{"level":"info","message":"GET /gmv - 304 - 1ms","service":"movr-backend","timestamp":"2026-08-05T14:45:08.132Z"}
{"level":"info","message":"GET /summary - 200 - 19ms","service":"movr-backend","timestamp":"2026-08-05T14:45:08.139Z"}
{"level":"info","message":"GET /summary - 304 - 5ms","service":"movr-backend","timestamp":"2026-08-05T14:45:08.147Z"}
{"level":"info","message":"GET /feature-flags - 200 - 21ms","service":"movr-backend","timestamp":"2026-08-05T14:45:16.493Z"}
{"level":"info","message":"GET /feature-flags - 304 - 2ms","service":"movr-backend","timestamp":"2026-08-05T14:45:16.499Z"}
{"level":"info","message":"PATCH /feature-flags/cross_border_transfers - 200 - 34ms","service":"movr-backend","timestamp":"2026-08-05T14:45:22.272Z"}
{"level":"info","message":"PATCH /feature-flags/cross_border_transfers - 200 - 4ms","service":"movr-backend","timestamp":"2026-08-05T14:45:23.297Z"}
{"level":"info","message":"GET / - 304 - 66ms","service":"movr-backend","timestamp":"2026-08-05T14:45:25.923Z"}
{"level":"info","message":"GET / - 304 - 3ms","service":"movr-backend","timestamp":"2026-08-05T14:45:25.929Z"}
{"level":"info","message":"GET /dvla_ghana - 200 - 24ms","service":"movr-backend","timestamp":"2026-08-05T14:45:29.463Z"}
{"level":"info","message":"GET / - 200 - 15ms","service":"movr-backend","timestamp":"2026-08-05T14:48:02.350Z"}
{"level":"info","message":"GET / - 304 - 2ms","service":"movr-backend","timestamp":"2026-08-05T14:48:02.356Z"}
{"level":"info","message":"GET /zones - 304 - 337ms","service":"movr-backend","timestamp":"2026-08-05T14:53:49.621Z"}
{"level":"info","message":"GET /factors - 304 - 241ms","service":"movr-backend","timestamp":"2026-08-05T14:53:49.632Z"}
{"level":"info","message":"GET /zones - 304 - 11ms","service":"movr-backend","timestamp":"2026-08-05T14:53:49.647Z"}
{"level":"info","message":"GET /factors - 304 - 4ms","service":"movr-backend","timestamp":"2026-08-05T14:53:49.650Z"}
{"level":"info","message":"GET /breakdown - 200 - 190ms","service":"movr-backend","timestamp":"2026-08-05T14:53:49.692Z"}
{"level":"info","message":"GET /breakdown - 304 - 11ms","service":"movr-backend","timestamp":"2026-08-05T14:53:49.710Z"}
{"level":"info","message":"GET /gmv - 304 - 129ms","service":"movr-backend","timestamp":"2026-08-05T14:55:43.005Z"}
{"level":"info","message":"GET /gmv - 304 - 1ms","service":"movr-backend","timestamp":"2026-08-05T14:55:43.031Z"}
{"level":"info","message":"GET /summary - 304 - 85ms","service":"movr-backend","timestamp":"2026-08-05T14:55:43.050Z"}
{"level":"info","message":"GET /summary - 304 - 4ms","service":"movr-backend","timestamp":"2026-08-05T14:55:43.061Z"}
{"level":"info","message":"GET /pages/home - 200 - 65ms","service":"movr-backend","timestamp":"2026-08-05T14:56:09.422Z"}
{"level":"info","message":"GET /pages/global - 200 - 58ms","service":"movr-backend","timestamp":"2026-08-05T14:56:09.426Z"}
{"level":"info","message":"GET /pages/global - 304 - 14ms","service":"movr-backend","timestamp":"2026-08-05T14:56:09.442Z"}
{"level":"info","message":"GET /pages/home - 304 - 16ms","service":"movr-backend","timestamp":"2026-08-05T14:56:09.445Z"}
{"level":"info","message":"GET /pages/global - 200 - 6ms","service":"movr-backend","timestamp":"2026-08-05T14:56:09.451Z"}
{"level":"info","message":"GET /pages/home - 200 - 4ms","service":"movr-backend","timestamp":"2026-08-05T14:56:09.452Z"}
{"level":"info","message":"GET /pages/home - 200 - 5ms","service":"movr-backend","timestamp":"2026-08-05T14:56:12.309Z"}
{"level":"info","message":"GET /pages/global - 200 - 6ms","service":"movr-backend","timestamp":"2026-08-05T14:56:12.310Z"}
{"level":"info","message":"GET /pages/global - 304 - 2ms","service":"movr-backend","timestamp":"2026-08-05T14:56:12.314Z"}
{"level":"info","message":"GET /pages/home - 304 - 4ms","service":"movr-backend","timestamp":"2026-08-05T14:56:12.315Z"}
{"level":"info","message":"GET /pages/global - 200 - 6ms","service":"movr-backend","timestamp":"2026-08-05T14:56:12.322Z"}
{"level":"info","message":"GET /pages/home - 200 - 3ms","service":"movr-backend","timestamp":"2026-08-05T14:56:12.323Z"}
{"level":"info","message":"POST /auth/register - 201 - 266ms","service":"movr-backend","timestamp":"2026-08-05T14:56:18.102Z"}
{"level":"info","message":"GET /stores - 200 - 20ms","service":"movr-backend","timestamp":"2026-08-05T14:56:18.213Z"}
{"level":"info","message":"POST /auth/login - 200 - 79ms","service":"movr-backend","timestamp":"2026-08-05T14:56:18.302Z"}
{"level":"info","message":"GET /pages/merchants - 200 - 454ms","service":"movr-backend","timestamp":"2026-08-05T14:58:47.033Z"}
{"level":"info","message":"GET /pages/global - 200 - 520ms","service":"movr-backend","timestamp":"2026-08-05T14:58:47.176Z"}
{"level":"info","message":"GET /pages/merchants - 304 - 5ms","service":"movr-backend","timestamp":"2026-08-05T14:58:47.183Z"}
{"level":"info","message":"GET /pages/global - 304 - 6ms","service":"movr-backend","timestamp":"2026-08-05T14:58:47.184Z"}
{"level":"info","message":"GET /pages/merchants - 200 - 5ms","service":"movr-backend","timestamp":"2026-08-05T14:58:47.190Z"}
{"level":"info","message":"GET /pages/global - 200 - 3ms","service":"movr-backend","timestamp":"2026-08-05T14:58:47.191Z"}
{"level":"info","message":"POST /payout-batches - 400 - 215ms","service":"movr-backend","timestamp":"2026-08-05T14:59:08.319Z"}
{"level":"info","message":"GET /audit-log - 200 - 58ms","service":"movr-backend","timestamp":"2026-08-05T14:59:12.081Z"}
{"level":"info","message":"GET /audit-log - 304 - 24ms","service":"movr-backend","timestamp":"2026-08-05T14:59:12.119Z"}
{"level":"info","message":"GET /feature-flags - 200 - 22ms","service":"movr-backend","timestamp":"2026-08-05T14:59:15.386Z"}
{"level":"info","message":"GET /feature-flags - 304 - 3ms","service":"movr-backend","timestamp":"2026-08-05T14:59:15.398Z"}
{"level":"info","message":"GET /api/v1/health - 404 - 28ms","service":"movr-backend","timestamp":"2026-08-05T14:59:20.117Z"}
{"level":"info","message":"GET /api/v1/health - 404 - 3ms","service":"movr-backend","timestamp":"2026-08-05T14:59:20.247Z"}
{"level":"info","message":"GET /pages/merchants - 200 - 10ms","service":"movr-backend","timestamp":"2026-08-05T14:59:52.089Z"}
{"level":"info","message":"GET /pages/global - 200 - 10ms","service":"movr-backend","timestamp":"2026-08-05T14:59:52.092Z"}
{"level":"info","message":"GET /pages/merchants - 304 - 4ms","service":"movr-backend","timestamp":"2026-08-05T14:59:52.112Z"}
{"level":"info","message":"GET /pages/global - 304 - 3ms","service":"movr-backend","timestamp":"2026-08-05T14:59:52.122Z"}
{"level":"info","message":"GET /pages/home - 200 - 138ms","service":"movr-backend","timestamp":"2026-08-05T14:59:52.442Z"}
{"level":"info","message":"GET /pages/global - 304 - 144ms","service":"movr-backend","timestamp":"2026-08-05T14:59:52.449Z"}
{"level":"info","message":"GET /pages/global - 304 - 3ms","service":"movr-backend","timestamp":"2026-08-05T14:59:52.722Z"}
{"level":"info","message":"GET /pages/home - 304 - 9ms","service":"movr-backend","timestamp":"2026-08-05T14:59:52.727Z"}
{"level":"info","message":"GET /pages/global - 304 - 9ms","service":"movr-backend","timestamp":"2026-08-05T14:59:52.737Z"}
{"level":"info","message":"GET /pages/home - 304 - 30ms","service":"movr-backend","timestamp":"2026-08-05T14:59:52.768Z"}
{"level":"info","message":"GET /pages/global - 304 - 9ms","service":"movr-backend","timestamp":"2026-08-05T14:59:52.773Z"}
{"level":"info","message":"GET /pages/home - 304 - 2ms","service":"movr-backend","timestamp":"2026-08-05T14:59:52.828Z"}
{"level":"info","message":"GET /countries - 200 - 831ms","service":"movr-backend","timestamp":"2026-08-05T14:59:53.281Z"}
{"level":"info","message":"GET /countries - 304 - 2ms","service":"movr-backend","timestamp":"2026-08-05T14:59:53.318Z"}
{"level":"info","message":"GET /countries - 304 - 41ms","service":"movr-backend","timestamp":"2026-08-05T14:59:53.365Z"}
{"level":"info","message":"GET /countries - 304 - 12ms","service":"movr-backend","timestamp":"2026-08-05T14:59:53.380Z"}
{"level":"info","message":"GET /countries - 304 - 1ms","service":"movr-backend","timestamp":"2026-08-05T14:59:53.392Z"}
{"level":"info","message":"GET /countries - 304 - 3ms","service":"movr-backend","timestamp":"2026-08-05T14:59:53.400Z"}
{"level":"info","message":"Initializing MOVR Platform Backend...","service":"movr-backend","timestamp":"2026-08-05T15:00:38.144Z"}
{"level":"info","message":"CMS ready: 15 pages (15 defaults). added=0","service":"movr-backend","timestamp":"2026-08-05T15:00:38.435Z"}
{"level":"info","message":"\n╔═══════════════════════════════════════╗\n║   MOVR Platform Backend Running       ║\n╠═══════════════════════════════════════╣\n║ Port: 3000\n║ Environment: development\n║ API: http://localhost:3000\n║ Health: http://localhost:3000/health\n╚═══════════════════════════════════════╝\n      ","service":"movr-backend","timestamp":"2026-08-05T15:00:38.439Z"}
{"level":"info","message":"GET /pages/home - 304 - 147ms","service":"movr-backend","timestamp":"2026-08-05T15:00:40.173Z"}
{"level":"info","message":"GET /pages/global - 304 - 150ms","service":"movr-backend","timestamp":"2026-08-05T15:00:40.180Z"}
{"level":"info","message":"GET /pages/home - 304 - 5ms","service":"movr-backend","timestamp":"2026-08-05T15:00:40.183Z"}
{"level":"info","message":"GET /pages/global - 304 - 5ms","service":"movr-backend","timestamp":"2026-08-05T15:00:40.190Z"}
{"level":"info","message":"GET /pages/merchants - 304 - 160ms","service":"movr-backend","timestamp":"2026-08-05T15:00:40.192Z"}
{"level":"info","message":"GET /pages/home - 304 - 6ms","service":"movr-backend","timestamp":"2026-08-05T15:00:40.195Z"}
{"level":"info","message":"GET /pages/global - 304 - 5ms","service":"movr-backend","timestamp":"2026-08-05T15:00:40.201Z"}
{"level":"info","message":"GET /pages/merchants - 304 - 5ms","service":"movr-backend","timestamp":"2026-08-05T15:00:40.207Z"}
{"level":"info","message":"GET /pages/home - 304 - 5ms","service":"movr-backend","timestamp":"2026-08-05T15:00:40.209Z"}
{"level":"info","message":"GET /pages/global - 304 - 4ms","service":"movr-backend","timestamp":"2026-08-05T15:00:40.217Z"}
{"level":"info","message":"GET /pages/global - 304 - 4ms","service":"movr-backend","timestamp":"2026-08-05T15:00:40.274Z"}
{"level":"info","message":"GET /pages/global - 304 - 3ms","service":"movr-backend","timestamp":"2026-08-05T15:00:40.283Z"}
{"level":"info","message":"GET /countries - 304 - 108ms","service":"movr-backend","timestamp":"2026-08-05T15:00:40.376Z"}
{"level":"info","message":"GET /countries - 304 - 1ms","service":"movr-backend","timestamp":"2026-08-05T15:00:40.383Z"}
{"level":"info","message":"GET /countries - 304 - 2ms","service":"movr-backend","timestamp":"2026-08-05T15:00:40.390Z"}
{"level":"info","message":"GET /countries - 304 - 1ms","service":"movr-backend","timestamp":"2026-08-05T15:00:40.398Z"}
{"level":"info","message":"GET /countries - 304 - 2ms","service":"movr-backend","timestamp":"2026-08-05T15:00:40.406Z"}
{"level":"info","message":"GET /countries - 304 - 2ms","service":"movr-backend","timestamp":"2026-08-05T15:00:40.415Z"}
{"level":"info","message":"GET /countries - 200 - 1ms","service":"movr-backend","timestamp":"2026-08-05T15:00:46.101Z"}
{"level":"info","message":"GET /pages/merchants - 200 - 2ms","service":"movr-backend","timestamp":"2026-08-05T15:01:15.003Z"}
{"level":"info","message":"GET /pages/global - 200 - 5ms","service":"movr-backend","timestamp":"2026-08-05T15:01:15.006Z"}
{"level":"info","message":"GET /pages/merchants - 304 - 2ms","service":"movr-backend","timestamp":"2026-08-05T15:01:15.011Z"}
{"level":"info","message":"GET /pages/global - 304 - 2ms","service":"movr-backend","timestamp":"2026-08-05T15:01:15.013Z"}
{"level":"info","message":"GET /countries - 200 - 2ms","service":"movr-backend","timestamp":"2026-08-05T15:01:15.068Z"}
{"level":"info","message":"GET /countries - 304 - 2ms","service":"movr-backend","timestamp":"2026-08-05T15:01:15.077Z"}
{"level":"info","message":"GET /pages/help - 200 - 3ms","service":"movr-backend","timestamp":"2026-08-05T15:01:22.637Z"}
{"level":"info","message":"GET /pages/help - 304 - 2ms","service":"movr-backend","timestamp":"2026-08-05T15:01:22.643Z"}
{"level":"info","message":"GET /countries - 304 - 2ms","service":"movr-backend","timestamp":"2026-08-05T15:01:22.658Z"}
{"level":"info","message":"GET /countries - 304 - 2ms","service":"movr-backend","timestamp":"2026-08-05T15:01:22.663Z"}
{"level":"info","message":"GET /countries - 304 - 1ms","service":"movr-backend","timestamp":"2026-08-05T15:01:50.289Z"}
{"level":"info","message":"GET /countries - 304 - 2ms","service":"movr-backend","timestamp":"2026-08-05T15:01:50.295Z"}
{"level":"info","message":"POST /auth/login - 200 - 236ms","service":"movr-backend","timestamp":"2026-08-05T15:02:06.663Z"}
{"level":"info","message":"GET /orders - 200 - 21ms","service":"movr-backend","timestamp":"2026-08-05T15:02:06.728Z"}
{"level":"info","message":"GET /earnings - 200 - 66ms","service":"movr-backend","timestamp":"2026-08-05T15:02:06.782Z"}
{"level":"info","message":"GET /orders - 200 - 65ms","service":"movr-backend","timestamp":"2026-08-05T15:02:06.784Z"}
{"level":"info","message":"GET /earnings - 200 - 74ms","service":"movr-backend","timestamp":"2026-08-05T15:02:06.795Z"}
{"level":"info","message":"GET /stores - 200 - 5ms","service":"movr-backend","timestamp":"2026-08-05T15:02:13.268Z"}
{"level":"info","message":"GET /products - 200 - 13ms","service":"movr-backend","timestamp":"2026-08-05T15:02:13.275Z"}
{"level":"info","message":"GET /stores - 200 - 4ms","service":"movr-backend","timestamp":"2026-08-05T15:02:13.277Z"}
{"level":"info","message":"GET /products - 200 - 7ms","service":"movr-backend","timestamp":"2026-08-05T15:02:13.278Z"}
{"level":"info","message":"GET /api/v1/merchant/payouts - 404 - 4ms","service":"movr-backend","timestamp":"2026-08-05T15:02:21.899Z"}
{"level":"info","message":"GET /api/v1/merchant/balance - 404 - 6ms","service":"movr-backend","timestamp":"2026-08-05T15:02:21.907Z"}
{"level":"info","message":"GET /earnings - 200 - 30ms","service":"movr-backend","timestamp":"2026-08-05T15:02:21.914Z"}
{"level":"info","message":"GET /api/v1/merchant/payouts - 404 - 1ms","service":"movr-backend","timestamp":"2026-08-05T15:02:21.919Z"}
{"level":"info","message":"GET /api/v1/merchant/balance - 404 - 1ms","service":"movr-backend","timestamp":"2026-08-05T15:02:21.921Z"}
{"level":"info","message":"GET /earnings - 200 - 17ms","service":"movr-backend","timestamp":"2026-08-05T15:02:21.925Z"}
{"level":"info","message":"POST /payouts/withdraw - 201 - 1129ms","service":"movr-backend","timestamp":"2026-08-05T15:02:26.079Z"}
{"level":"info","message":"GET /me - 200 - 4ms","service":"movr-backend","timestamp":"2026-08-05T15:02:29.296Z"}
{"level":"info","message":"GET /me - 200 - 36ms","service":"movr-backend","timestamp":"2026-08-05T15:02:29.326Z"}
{"level":"info","message":"GET /stores - 304 - 3ms","service":"movr-backend","timestamp":"2026-08-05T15:02:34.108Z"}
{"level":"info","message":"GET /stores - 304 - 3ms","service":"movr-backend","timestamp":"2026-08-05T15:02:34.118Z"}
{"level":"info","message":"GET /pools - 200 - 148ms","service":"movr-backend","timestamp":"2026-08-05T15:02:39.072Z"}
{"level":"info","message":"GET /pools - 200 - 180ms","service":"movr-backend","timestamp":"2026-08-05T15:02:39.109Z"}
{"level":"info","message":"GET /my-stakes - 200 - 194ms","service":"movr-backend","timestamp":"2026-08-05T15:02:39.120Z"}
{"level":"info","message":"GET /my-stakes - 200 - 229ms","service":"movr-backend","timestamp":"2026-08-05T15:02:39.161Z"}
{"level":"info","message":"GET /stores - 200 - 5ms","service":"movr-backend","timestamp":"2026-08-05T15:02:42.587Z"}
{"level":"info","message":"GET /stores - 304 - 4ms","service":"movr-backend","timestamp":"2026-08-05T15:02:42.588Z"}
{"level":"info","message":"GET /analytics - 200 - 41ms","service":"movr-backend","timestamp":"2026-08-05T15:02:44.542Z"}
{"level":"info","message":"GET /analytics - 200 - 41ms","service":"movr-backend","timestamp":"2026-08-05T15:02:44.543Z"}
{"level":"info","message":"GET /stores - 304 - 3ms","service":"movr-backend","timestamp":"2026-08-05T15:02:47.420Z"}
{"level":"info","message":"GET /stores - 304 - 4ms","service":"movr-backend","timestamp":"2026-08-05T15:02:47.428Z"}
{"level":"info","message":"GET /live/markers - 200 - 119ms","service":"movr-backend","timestamp":"2026-08-05T15:03:32.837Z"}
{"level":"info","message":"GET /live/counts - 200 - 147ms","service":"movr-backend","timestamp":"2026-08-05T15:03:32.855Z"}
{"level":"info","message":"GET /live/markers - 304 - 3ms","service":"movr-backend","timestamp":"2026-08-05T15:03:32.891Z"}
{"level":"info","message":"GET /live/counts - 304 - 6ms","service":"movr-backend","timestamp":"2026-08-05T15:03:32.900Z"}
{"level":"info","message":"GET /me - 304 - 97ms","service":"movr-backend","timestamp":"2026-08-05T15:05:14.594Z"}
{"level":"info","message":"GET /me - 304 - 4ms","service":"movr-backend","timestamp":"2026-08-05T15:05:14.611Z"}
{"level":"info","message":"POST /api/v1/auth/login - 200 - 457ms","service":"movr-backend","timestamp":"2026-08-05T15:05:55.183Z"}
{"level":"info","message":"GET /api/v1/rides - 200 - 27ms","service":"movr-backend","timestamp":"2026-08-05T15:05:55.553Z"}
{"level":"info","message":"GET / - 200 - 155ms","service":"movr-backend","timestamp":"2026-08-05T15:05:55.710Z"}
{"level":"info","message":"GET / - 200 - 251ms","service":"movr-backend","timestamp":"2026-08-05T15:05:55.743Z"}
{"level":"info","message":"GET /estimated-dvt - 401 - 2ms","service":"movr-backend","timestamp":"2026-08-05T15:06:07.123Z"}
{"level":"info","message":"GET /transactions - 401 - 0ms","service":"movr-backend","timestamp":"2026-08-05T15:06:07.125Z"}
{"level":"info","message":"GET / - 401 - 2ms","service":"movr-backend","timestamp":"2026-08-05T15:06:07.128Z"}
{"level":"info","message":"GET /estimated-dvt - 401 - 1ms","service":"movr-backend","timestamp":"2026-08-05T15:06:07.134Z"}
{"level":"info","message":"GET /transactions - 401 - 1ms","service":"movr-backend","timestamp":"2026-08-05T15:06:07.137Z"}
{"level":"info","message":"GET / - 401 - 1ms","service":"movr-backend","timestamp":"2026-08-05T15:06:07.154Z"}
{"level":"info","message":"GET / - 200 - 3ms","service":"movr-backend","timestamp":"2026-08-05T15:06:15.716Z"}
{"level":"info","message":"GET /api/v1/rides - 304 - 4ms","service":"movr-backend","timestamp":"2026-08-05T15:06:15.724Z"}
{"level":"info","message":"GET / - 304 - 6ms","service":"movr-backend","timestamp":"2026-08-05T15:06:15.731Z"}
{"level":"info","message":"GET /estimated-dvt - 401 - 0ms","service":"movr-backend","timestamp":"2026-08-05T15:06:32.025Z"}
{"level":"info","message":"GET /transactions - 401 - 1ms","service":"movr-backend","timestamp":"2026-08-05T15:06:32.029Z"}
{"level":"info","message":"GET /estimated-dvt - 401 - 0ms","service":"movr-backend","timestamp":"2026-08-05T15:06:32.032Z"}
{"level":"info","message":"GET /transactions - 401 - 0ms","service":"movr-backend","timestamp":"2026-08-05T15:06:32.038Z"}
{"level":"info","message":"GET / - 401 - 0ms","service":"movr-backend","timestamp":"2026-08-05T15:06:32.039Z"}
{"level":"info","message":"GET / - 401 - 1ms","service":"movr-backend","timestamp":"2026-08-05T15:06:32.047Z"}
{"level":"info","message":"GET /balance - 401 - 8ms","service":"movr-backend","timestamp":"2026-08-05T15:06:35.182Z"}
{"level":"info","message":"GET /history - 401 - 1ms","service":"movr-backend","timestamp":"2026-08-05T15:06:35.185Z"}
{"level":"info","message":"GET /balance - 401 - 0ms","service":"movr-backend","timestamp":"2026-08-05T15:06:35.186Z"}
{"level":"info","message":"GET /history - 401 - 1ms","service":"movr-backend","timestamp":"2026-08-05T15:06:35.188Z"}
{"level":"info","message":"GET /pools - 401 - 0ms","service":"movr-backend","timestamp":"2026-08-05T15:06:41.757Z"}
{"level":"info","message":"GET /my-stakes - 401 - 0ms","service":"movr-backend","timestamp":"2026-08-05T15:06:41.779Z"}
{"level":"info","message":"GET /pools - 401 - 0ms","service":"movr-backend","timestamp":"2026-08-05T15:06:41.780Z"}
{"level":"info","message":"GET /my-stakes - 401 - 1ms","service":"movr-backend","timestamp":"2026-08-05T15:06:41.783Z"}
{"level":"info","message":"GET /api/v1/rides - 200 - 1ms","service":"movr-backend","timestamp":"2026-08-05T15:06:45.741Z"}
{"level":"info","message":"GET /api/v1/rides - 200 - 1ms","service":"movr-backend","timestamp":"2026-08-05T15:06:45.745Z"}
{"level":"info","message":"GET /pages/privacy - 200 - 31ms","service":"movr-backend","timestamp":"2026-08-05T15:06:58.203Z"}
{"level":"info","message":"GET /pages/privacy - 304 - 2ms","service":"movr-backend","timestamp":"2026-08-05T15:06:58.208Z"}
{"level":"info","message":"GET /pages/global - 304 - 19ms","service":"movr-backend","timestamp":"2026-08-05T15:06:58.241Z"}
{"level":"info","message":"GET /countries - 304 - 27ms","service":"movr-backend","timestamp":"2026-08-05T15:06:58.248Z"}
{"level":"info","message":"Initializing MOVR Platform Backend...","service":"movr-backend","timestamp":"2026-08-05T15:11:05.759Z"}
{"level":"info","message":"CMS ready: 15 pages (15 defaults). added=0","service":"movr-backend","timestamp":"2026-08-05T15:11:06.306Z"}
{"level":"info","message":"\n╔═══════════════════════════════════════╗\n║   MOVR Platform Backend Running       ║\n╠═══════════════════════════════════════╣\n║ Port: 3000\n║ Environment: development\n║ API: http://localhost:3000\n║ Health: http://localhost:3000/health\n╚═══════════════════════════════════════╝\n      ","service":"movr-backend","timestamp":"2026-08-05T15:11:06.316Z"}
{"level":"info","message":"POST /api/v1/auth/login - 200 - 194ms","service":"movr-backend","timestamp":"2026-08-05T15:11:16.904Z"}
{"level":"info","message":"GET /pages/merchants - 200 - 892ms","service":"movr-backend","timestamp":"2026-08-05T15:13:19.256Z"}
{"level":"info","message":"GET /pages/global - 200 - 756ms","service":"movr-backend","timestamp":"2026-08-05T15:13:19.317Z"}
{"level":"info","message":"GET /pages/home - 200 - 794ms","service":"movr-backend","timestamp":"2026-08-05T15:13:19.363Z"}
{"level":"info","message":"GET /pages/merchants - 304 - 92ms","service":"movr-backend","timestamp":"2026-08-05T15:13:19.498Z"}
{"level":"info","message":"GET /pages/global - 304 - 100ms","service":"movr-backend","timestamp":"2026-08-05T15:13:19.508Z"}
{"level":"info","message":"GET /pages/home - 304 - 107ms","service":"movr-backend","timestamp":"2026-08-05T15:13:19.516Z"}
{"level":"info","message":"GET /pages/global - 304 - 9ms","service":"movr-backend","timestamp":"2026-08-05T15:13:19.531Z"}
{"level":"info","message":"GET /pages/home - 304 - 17ms","service":"movr-backend","timestamp":"2026-08-05T15:13:19.542Z"}
{"level":"info","message":"GET /pages/global - 304 - 22ms","service":"movr-backend","timestamp":"2026-08-05T15:13:19.590Z"}
{"level":"info","message":"GET /pages/home - 304 - 42ms","service":"movr-backend","timestamp":"2026-08-05T15:13:19.612Z"}
{"level":"info","message":"GET /pages/global - 304 - 4ms","service":"movr-backend","timestamp":"2026-08-05T15:13:19.618Z"}
{"level":"info","message":"GET /pages/global - 304 - 4ms","service":"movr-backend","timestamp":"2026-08-05T15:13:19.628Z"}
{"level":"info","message":"GET /countries - 304 - 146ms","service":"movr-backend","timestamp":"2026-08-05T15:13:19.693Z"}
{"level":"info","message":"GET /countries - 304 - 3ms","service":"movr-backend","timestamp":"2026-08-05T15:13:19.701Z"}
{"level":"info","message":"GET /countries - 304 - 2ms","service":"movr-backend","timestamp":"2026-08-05T15:13:19.710Z"}
{"level":"info","message":"GET /countries - 304 - 1ms","service":"movr-backend","timestamp":"2026-08-05T15:13:19.718Z"}
{"level":"info","message":"GET /countries - 304 - 5ms","service":"movr-backend","timestamp":"2026-08-05T15:13:19.773Z"}
{"level":"info","message":"GET /countries - 304 - 2ms","service":"movr-backend","timestamp":"2026-08-05T15:13:19.781Z"}
{"level":"info","message":"POST /api/v1/auth/login - 200 - 374ms","service":"movr-backend","timestamp":"2026-08-05T15:14:03.978Z"}
{"level":"info","message":"GET /api/v1/rides - 304 - 23ms","service":"movr-backend","timestamp":"2026-08-05T15:14:06.444Z"}
{"level":"info","message":"GET / - 304 - 523ms","service":"movr-backend","timestamp":"2026-08-05T15:14:06.968Z"}
{"level":"info","message":"GET / - 200 - 998ms","service":"movr-backend","timestamp":"2026-08-05T15:14:07.079Z"}
{"level":"info","message":"GET /estimated-dvt - 401 - 0ms","service":"movr-backend","timestamp":"2026-08-05T15:14:32.473Z"}
{"level":"info","message":"GET /transactions - 401 - 1ms","service":"movr-backend","timestamp":"2026-08-05T15:14:32.475Z"}
{"level":"info","message":"GET /estimated-dvt - 401 - 1ms","service":"movr-backend","timestamp":"2026-08-05T15:14:32.483Z"}
{"level":"info","message":"GET /transactions - 401 - 1ms","service":"movr-backend","timestamp":"2026-08-05T15:14:32.535Z"}
{"level":"info","message":"GET / - 401 - 0ms","service":"movr-backend","timestamp":"2026-08-05T15:14:32.537Z"}
{"level":"info","message":"GET / - 401 - 1ms","service":"movr-backend","timestamp":"2026-08-05T15:14:32.575Z"}
{"level":"info","message":"GET /balance - 401 - 2ms","service":"movr-backend","timestamp":"2026-08-05T15:14:33.618Z"}
{"level":"info","message":"GET /history - 401 - 1ms","service":"movr-backend","timestamp":"2026-08-05T15:14:33.620Z"}
{"level":"info","message":"GET /balance - 401 - 1ms","service":"movr-backend","timestamp":"2026-08-05T15:14:33.621Z"}
{"level":"info","message":"GET /history - 401 - 1ms","service":"movr-backend","timestamp":"2026-08-05T15:14:33.623Z"}
{"level":"info","message":"GET /pools - 401 - 0ms","service":"movr-backend","timestamp":"2026-08-05T15:14:34.543Z"}
{"level":"info","message":"GET /my-stakes - 401 - 0ms","service":"movr-backend","timestamp":"2026-08-05T15:14:34.544Z"}
{"level":"info","message":"GET /pools - 401 - 0ms","service":"movr-backend","timestamp":"2026-08-05T15:14:34.549Z"}
{"level":"info","message":"GET /my-stakes - 401 - 1ms","service":"movr-backend","timestamp":"2026-08-05T15:14:34.552Z"}
{"level":"info","message":"GET /api/v1/rides - 304 - 2ms","service":"movr-backend","timestamp":"2026-08-05T15:14:35.367Z"}
{"level":"info","message":"GET /api/v1/rides - 304 - 2ms","service":"movr-backend","timestamp":"2026-08-05T15:14:35.386Z"}
{"level":"info","message":"Initializing MOVR Platform Backend...","service":"movr-backend","timestamp":"2026-08-05T15:15:12.034Z"}
{"level":"info","message":"CMS ready: 15 pages (15 defaults). added=0","service":"movr-backend","timestamp":"2026-08-05T15:15:12.220Z"}
{"level":"info","message":"\n╔═══════════════════════════════════════╗\n║   MOVR Platform Backend Running       ║\n╠═══════════════════════════════════════╣\n║ Port: 3000\n║ Environment: development\n║ API: http://localhost:3000\n║ Health: http://localhost:3000/health\n╚═══════════════════════════════════════╝\n      ","service":"movr-backend","timestamp":"2026-08-05T15:15:12.224Z"}
{"level":"info","message":"GET /api/v1/rides - 304 - 84ms","service":"movr-backend","timestamp":"2026-08-05T15:22:55.639Z"}
{"level":"info","message":"GET / - 304 - 190ms","service":"movr-backend","timestamp":"2026-08-05T15:22:55.858Z"}
{"level":"info","message":"GET / - 200 - 545ms","service":"movr-backend","timestamp":"2026-08-05T15:22:55.867Z"}
{"level":"info","message":"GET /api/v1/rides - 304 - 14ms","service":"movr-backend","timestamp":"2026-08-05T15:25:41.698Z"}
{"level":"info","message":"GET / - 304 - 37ms","service":"movr-backend","timestamp":"2026-08-05T15:25:41.742Z"}
{"level":"info","message":"GET / - 304 - 169ms","service":"movr-backend","timestamp":"2026-08-05T15:25:41.785Z"}
{"level":"info","message":"GET /api/v1/rides - 304 - 1ms","service":"movr-backend","timestamp":"2026-08-05T15:26:59.714Z"}
{"level":"info","message":"GET / - 304 - 3ms","service":"movr-backend","timestamp":"2026-08-05T15:26:59.721Z"}
{"level":"info","message":"GET / - 304 - 21ms","service":"movr-backend","timestamp":"2026-08-05T15:26:59.729Z"}
{"level":"info","message":"GET /api/v1/rides - 304 - 44ms","service":"movr-backend","timestamp":"2026-08-05T15:37:03.464Z"}
{"level":"info","message":"GET / - 304 - 48ms","service":"movr-backend","timestamp":"2026-08-05T15:37:03.526Z"}
{"level":"info","message":"GET / - 304 - 249ms","service":"movr-backend","timestamp":"2026-08-05T15:37:03.537Z"}
{"level":"info","message":"Initializing MOVR Platform Backend...","service":"movr-backend","timestamp":"2026-08-05T15:38:48.305Z"}
{"level":"info","message":"CMS ready: 15 pages (15 defaults). added=0","service":"movr-backend","timestamp":"2026-08-05T15:38:49.222Z"}
{"level":"info","message":"\n╔═══════════════════════════════════════╗\n║   MOVR Platform Backend Running       ║\n╠═══════════════════════════════════════╣\n║ Port: 3000\n║ Environment: development\n║ API: http://localhost:3000\n║ Health: http://localhost:3000/health\n╚═══════════════════════════════════════╝\n      ","service":"movr-backend","timestamp":"2026-08-05T15:38:49.242Z"}
{"level":"info","message":"Password reset OTP for rider@movr.app: 55334","service":"movr-backend","timestamp":"2026-08-05T15:39:30.668Z"}
{"level":"info","message":"POST /api/v1/auth/forgot-password - 200 - 50ms","service":"movr-backend","timestamp":"2026-08-05T15:39:30.672Z"}
{"level":"info","message":"POST /api/v1/auth/verify-otp - 200 - 7ms","service":"movr-backend","timestamp":"2026-08-05T15:39:30.760Z"}
{"level":"info","message":"POST /api/v1/auth/reset-password - 200 - 130ms","service":"movr-backend","timestamp":"2026-08-05T15:39:30.895Z"}
{"level":"info","message":"POST /api/v1/auth/login - 200 - 81ms","service":"movr-backend","timestamp":"2026-08-05T15:39:30.979Z"}
{"level":"info","message":"Password reset OTP for rider@movr.app: 46550","service":"movr-backend","timestamp":"2026-08-05T15:39:30.983Z"}
{"level":"info","message":"POST /api/v1/auth/forgot-password - 200 - 2ms","service":"movr-backend","timestamp":"2026-08-05T15:39:30.984Z"}
{"level":"info","message":"POST /api/v1/auth/verify-otp - 200 - 0ms","service":"movr-backend","timestamp":"2026-08-05T15:39:30.988Z"}
{"level":"info","message":"POST /api/v1/auth/reset-password - 200 - 105ms","service":"movr-backend","timestamp":"2026-08-05T15:39:31.095Z"}
{"level":"info","message":"POST /api/v1/auth/login - 200 - 133ms","service":"movr-backend","timestamp":"2026-08-05T15:39:31.231Z"}
{"level":"info","message":"POST /api/v1/auth/verify-otp - 400 - 1ms","service":"movr-backend","timestamp":"2026-08-05T15:39:31.241Z"}
{"level":"info","message":"Password reset OTP for +233240000003: 14981","service":"movr-backend","timestamp":"2026-08-05T15:39:40.332Z"}
{"level":"info","message":"POST /api/v1/auth/forgot-password - 200 - 8ms","service":"movr-backend","timestamp":"2026-08-05T15:39:40.333Z"}
{"level":"info","message":"POST /api/v1/auth/verify-otp - 200 - 1ms","service":"movr-backend","timestamp":"2026-08-05T15:39:40.345Z"}
{"level":"info","message":"GET /api/v1/rides - 304 - 432ms","service":"movr-backend","timestamp":"2026-08-05T15:54:18.395Z"}
{"level":"info","message":"GET / - 304 - 570ms","service":"movr-backend","timestamp":"2026-08-05T15:54:19.058Z"}
{"level":"info","message":"GET /pages/merchants - 304 - 1538ms","service":"movr-backend","timestamp":"2026-08-05T15:54:19.107Z"}
{"level":"info","message":"GET /pages/global - 304 - 1622ms","service":"movr-backend","timestamp":"2026-08-05T15:54:19.134Z"}
{"level":"info","message":"GET /pages/home - 304 - 2066ms","service":"movr-backend","timestamp":"2026-08-05T15:54:19.208Z"}
{"level":"info","message":"GET / - 304 - 1628ms","service":"movr-backend","timestamp":"2026-08-05T15:54:19.212Z"}
{"level":"info","message":"GET /pages/merchants - 304 - 14ms","service":"movr-backend","timestamp":"2026-08-05T15:54:19.259Z"}
{"level":"info","message":"GET /pages/home - 304 - 13ms","service":"movr-backend","timestamp":"2026-08-05T15:54:19.260Z"}
{"level":"info","message":"GET /pages/global - 304 - 17ms","service":"movr-backend","timestamp":"2026-08-05T15:54:19.263Z"}
{"level":"info","message":"GET /pages/home - 304 - 8ms","service":"movr-backend","timestamp":"2026-08-05T15:54:19.274Z"}
{"level":"info","message":"GET /pages/global - 304 - 4ms","service":"movr-backend","timestamp":"2026-08-05T15:54:19.280Z"}
{"level":"info","message":"GET /pages/home - 304 - 6ms","service":"movr-backend","timestamp":"2026-08-05T15:54:19.285Z"}
{"level":"info","message":"GET /pages/global - 304 - 4ms","service":"movr-backend","timestamp":"2026-08-05T15:54:19.295Z"}
{"level":"info","message":"GET /pages/global - 304 - 5ms","service":"movr-backend","timestamp":"2026-08-05T15:54:19.305Z"}
{"level":"info","message":"GET /pages/global - 304 - 3ms","service":"movr-backend","timestamp":"2026-08-05T15:54:19.312Z"}
{"level":"info","message":"GET /pages/global - 304 - 11ms","service":"movr-backend","timestamp":"2026-08-05T15:54:19.525Z"}
{"level":"info","message":"GET /pages/global - 304 - 6ms","service":"movr-backend","timestamp":"2026-08-05T15:54:19.541Z"}
{"level":"info","message":"GET /countries - 304 - 121ms","service":"movr-backend","timestamp":"2026-08-05T15:54:19.636Z"}
{"level":"info","message":"GET /countries - 304 - 1ms","service":"movr-backend","timestamp":"2026-08-05T15:54:19.641Z"}
{"level":"info","message":"GET /countries - 304 - 3ms","service":"movr-backend","timestamp":"2026-08-05T15:54:19.648Z"}
{"level":"info","message":"GET /countries - 304 - 2ms","service":"movr-backend","timestamp":"2026-08-05T15:54:19.658Z"}
{"level":"info","message":"GET /countries - 304 - 4ms","service":"movr-backend","timestamp":"2026-08-05T15:54:19.669Z"}
{"level":"info","message":"GET /countries - 304 - 1ms","service":"movr-backend","timestamp":"2026-08-05T15:54:19.676Z"}
{"level":"info","message":"GET /pages/home - 304 - 638ms","service":"movr-backend","timestamp":"2026-08-05T15:58:20.319Z"}
{"level":"info","message":"GET /pages/global - 304 - 377ms","service":"movr-backend","timestamp":"2026-08-05T15:58:20.339Z"}
{"level":"info","message":"GET /pages/home - 304 - 29ms","service":"movr-backend","timestamp":"2026-08-05T15:58:20.374Z"}
{"level":"info","message":"GET /pages/global - 304 - 25ms","service":"movr-backend","timestamp":"2026-08-05T15:58:20.375Z"}
{"level":"info","message":"GET /api/v1/rides - 304 - 8ms","service":"movr-backend","timestamp":"2026-08-05T15:58:20.486Z"}
{"level":"info","message":"GET /pages/home - 304 - 38ms","service":"movr-backend","timestamp":"2026-08-05T15:58:20.509Z"}
{"level":"info","message":"GET /pages/global - 304 - 42ms","service":"movr-backend","timestamp":"2026-08-05T15:58:20.517Z"}
{"level":"info","message":"GET / - 304 - 119ms","service":"movr-backend","timestamp":"2026-08-05T15:58:20.527Z"}
{"level":"info","message":"GET / - 304 - 57ms","service":"movr-backend","timestamp":"2026-08-05T15:58:20.545Z"}
{"level":"info","message":"GET /countries - 304 - 48ms","service":"movr-backend","timestamp":"2026-08-05T15:58:20.551Z"}
{"level":"info","message":"GET /pages/home - 304 - 17ms","service":"movr-backend","timestamp":"2026-08-05T15:58:20.572Z"}
{"level":"info","message":"GET /countries - 304 - 10ms","service":"movr-backend","timestamp":"2026-08-05T15:58:20.575Z"}
{"level":"info","message":"GET /pages/global - 304 - 17ms","service":"movr-backend","timestamp":"2026-08-05T15:58:20.577Z"}
{"level":"info","message":"GET /pages/global - 304 - 7ms","service":"movr-backend","timestamp":"2026-08-05T15:58:20.593Z"}
{"level":"info","message":"GET /pages/global - 304 - 6ms","service":"movr-backend","timestamp":"2026-08-05T15:58:20.610Z"}
{"level":"info","message":"GET /pages/merchants - 304 - 661ms","service":"movr-backend","timestamp":"2026-08-05T15:58:20.640Z"}
{"level":"info","message":"GET /pages/merchants - 304 - 8ms","service":"movr-backend","timestamp":"2026-08-05T15:58:20.654Z"}
{"level":"info","message":"GET /countries - 304 - 2ms","service":"movr-backend","timestamp":"2026-08-05T15:58:20.687Z"}
{"level":"info","message":"GET /countries - 304 - 6ms","service":"movr-backend","timestamp":"2026-08-05T15:58:20.730Z"}
{"level":"info","message":"GET /countries - 304 - 3ms","service":"movr-backend","timestamp":"2026-08-05T15:58:20.747Z"}
{"level":"info","message":"GET /countries - 304 - 13ms","service":"movr-backend","timestamp":"2026-08-05T15:58:20.782Z"}
{"level":"info","message":"GET /api/v1/rides - 304 - 66ms","service":"movr-backend","timestamp":"2026-08-05T16:06:33.057Z"}
{"level":"info","message":"GET /countries - 304 - 376ms","service":"movr-backend","timestamp":"2026-08-05T16:06:33.122Z"}
{"level":"info","message":"GET / - 304 - 72ms","service":"movr-backend","timestamp":"2026-08-05T16:06:33.161Z"}
{"level":"info","message":"GET / - 304 - 355ms","service":"movr-backend","timestamp":"2026-08-05T16:06:33.166Z"}
{"level":"info","message":"GET /countries - 304 - 4ms","service":"movr-backend","timestamp":"2026-08-05T16:06:33.172Z"}
{"level":"info","message":"GET /countries - 304 - 3ms","service":"movr-backend","timestamp":"2026-08-05T16:06:33.181Z"}
{"level":"info","message":"Initializing MOVR Platform Backend...","service":"movr-backend","timestamp":"2026-08-05T16:25:22.743Z"}
{"level":"info","message":"CMS ready: 15 pages (15 defaults). added=0","service":"movr-backend","timestamp":"2026-08-05T16:25:23.044Z"}
{"level":"info","message":"Catalog categories ready. added=0","service":"movr-backend","timestamp":"2026-08-05T16:25:23.074Z"}
{"level":"info","message":"Initializing MOVR Platform Backend...","service":"movr-backend","timestamp":"2026-08-05T16:25:59.504Z"}
{"level":"info","message":"CMS ready: 15 pages (15 defaults). added=0","service":"movr-backend","timestamp":"2026-08-05T16:25:59.936Z"}
{"level":"info","message":"Catalog categories ready. added=0","service":"movr-backend","timestamp":"2026-08-05T16:25:59.953Z"}
{"level":"info","message":"\n╔═══════════════════════════════════════╗\n║   MOVR Platform Backend Running       ║\n╠═══════════════════════════════════════╣\n║ Port: 3000\n║ Environment: development\n║ API: http://localhost:3000\n║ Health: http://localhost:3000/health\n╚═══════════════════════════════════════╝\n      ","service":"movr-backend","timestamp":"2026-08-05T16:25:59.977Z"}
{"level":"info","message":"GET / - 200 - 337ms","service":"movr-backend","timestamp":"2026-08-05T16:26:12.122Z"}
{"level":"info","message":"GET / - 200 - 82ms","service":"movr-backend","timestamp":"2026-08-05T16:26:13.503Z"}
{"level":"info","message":"GET /473648bb-9e0e-4c65-9e4f-eb46f2816638/products - 200 - 12ms","service":"movr-backend","timestamp":"2026-08-05T16:26:13.570Z"}
{"level":"info","message":"GET /473648bb-9e0e-4c65-9e4f-eb46f2816638 - 200 - 4ms","service":"movr-backend","timestamp":"2026-08-05T16:26:13.590Z"}
{"level":"info","message":"POST /auth/login - 200 - 249ms","service":"movr-backend","timestamp":"2026-08-05T16:26:27.467Z"}
{"level":"info","message":"GET /categories - 200 - 4ms","service":"movr-backend","timestamp":"2026-08-05T16:26:27.485Z"}
{"level":"info","message":"GET /products - 200 - 5ms","service":"movr-backend","timestamp":"2026-08-05T16:26:27.500Z"}
{"level":"info","message":"GET /stores - 200 - 3ms","service":"movr-backend","timestamp":"2026-08-05T16:26:27.512Z"}
{"level":"info","message":"GET /stores/473648bb-9e0e-4c65-9e4f-eb46f2816638/banners - 200 - 5ms","service":"movr-backend","timestamp":"2026-08-05T16:26:27.521Z"}
{"level":"info","message":"GET /health - 200 - 2ms","service":"movr-backend","timestamp":"2026-08-05T16:26:49.040Z"}
{"level":"info","message":"GET /pages/global - 304 - 878ms","service":"movr-backend","timestamp":"2026-08-05T16:52:08.412Z"}
{"level":"info","message":"GET /pages/home - 304 - 1260ms","service":"movr-backend","timestamp":"2026-08-05T16:52:08.467Z"}
{"level":"info","message":"GET /pages/global - 304 - 68ms","service":"movr-backend","timestamp":"2026-08-05T16:52:08.538Z"}
{"level":"info","message":"GET /pages/home - 304 - 22ms","service":"movr-backend","timestamp":"2026-08-05T16:52:08.550Z"}
{"level":"info","message":"GET /pages/global - 304 - 7ms","service":"movr-backend","timestamp":"2026-08-05T16:52:08.559Z"}
{"level":"info","message":"GET /pages/home - 304 - 10ms","service":"movr-backend","timestamp":"2026-08-05T16:52:08.564Z"}
{"level":"info","message":"GET /pages/global - 304 - 11ms","service":"movr-backend","timestamp":"2026-08-05T16:52:08.580Z"}
{"level":"info","message":"GET /pages/home - 304 - 11ms","service":"movr-backend","timestamp":"2026-08-05T16:52:08.583Z"}
{"level":"info","message":"GET /countries - 304 - 84ms","service":"movr-backend","timestamp":"2026-08-05T16:52:08.745Z"}
{"level":"info","message":"GET /countries - 304 - 2ms","service":"movr-backend","timestamp":"2026-08-05T16:52:08.750Z"}
{"level":"info","message":"GET /countries - 304 - 3ms","service":"movr-backend","timestamp":"2026-08-05T16:52:08.756Z"}
{"level":"info","message":"GET /countries - 304 - 6ms","service":"movr-backend","timestamp":"2026-08-05T16:52:08.767Z"}
{"level":"info","message":"GET /pages/global - 304 - 32ms","service":"movr-backend","timestamp":"2026-08-05T16:53:41.004Z"}
{"level":"info","message":"GET /pages/home - 304 - 32ms","service":"movr-backend","timestamp":"2026-08-05T16:53:41.006Z"}
{"level":"info","message":"GET /pages/global - 304 - 7ms","service":"movr-backend","timestamp":"2026-08-05T16:53:41.021Z"}
{"level":"info","message":"GET /pages/home - 304 - 6ms","service":"movr-backend","timestamp":"2026-08-05T16:53:41.023Z"}
{"level":"info","message":"GET /pages/global - 304 - 8ms","service":"movr-backend","timestamp":"2026-08-05T16:53:41.039Z"}
{"level":"info","message":"GET /pages/home - 304 - 5ms","service":"movr-backend","timestamp":"2026-08-05T16:53:41.059Z"}
{"level":"info","message":"GET /pages/global - 304 - 18ms","service":"movr-backend","timestamp":"2026-08-05T16:53:41.091Z"}
{"level":"info","message":"GET /pages/home - 304 - 21ms","service":"movr-backend","timestamp":"2026-08-05T16:53:41.096Z"}
{"level":"info","message":"GET /countries - 304 - 4ms","service":"movr-backend","timestamp":"2026-08-05T16:53:41.155Z"}
{"level":"info","message":"GET /countries - 304 - 3ms","service":"movr-backend","timestamp":"2026-08-05T16:53:41.162Z"}
{"level":"info","message":"GET /countries - 304 - 3ms","service":"movr-backend","timestamp":"2026-08-05T16:53:41.176Z"}
{"level":"info","message":"GET /countries - 304 - 4ms","service":"movr-backend","timestamp":"2026-08-05T16:53:41.185Z"}
